id,boundary_char_index
example_001228,2262
example_001229,2649
example_001230,2460
example_001231,2610
example_001232,2377
example_001233,3184
example_001234,2354
example_001235,2167
example_001236,2354
example_001237,2099
example_001238,2561
example_001239,2164
example_001240,2133
example_001241,2397
example_001243,2355
example_001244,2526
example_001245,1883
example_001246,2547
example_001247,2461
example_001248,3114
example_001249,2456
example_001250,2992
example_001251,2174
example_001252,2091
example_001253,2303
example_001254,2002
example_001255,2136
example_001256,2447
example_001257,2193
example_001258,2749
example_001259,2365
example_001260,2476
example_001261,2470
example_001262,2350
example_001263,2030
example_001264,2908
example_001265,2250
example_001266,2261
example_001267,2024
example_001268,2626
example_001269,2193
example_001270,2274
example_001271,2160
example_001272,2308
example_001273,2359
example_001274,2215
example_001275,2273
example_001276,2183
example_001277,2430
example_001278,2038
example_001279,2533
example_001280,2234
example_001281,2705
example_001282,2232
example_001283,2467
example_001284,2637
example_001285,2650
example_001286,2465
example_001287,2324
example_001288,2439
example_001289,2479
example_001290,2680
example_001291,2318
example_001292,2296
example_001293,2313
example_001294,2398
example_001295,2274
example_001296,2542
example_001297,2265
example_001298,2159
example_001299,2528
example_001300,2907
example_001301,2350
example_001302,3024
example_001303,2306
example_001305,2491
example_001306,2292
example_001307,2093
example_001308,2267
example_001309,2400
example_001310,2934
example_001311,2361
example_001312,2258
example_001313,2518
example_001314,2030
example_001315,2280
example_001316,2842
example_001317,2585
example_001318,2697
example_001319,2267
example_001320,2713
example_001321,2774
example_001322,2318
example_001323,2292
example_001324,2633
example_001325,2303
example_001326,2156
example_001327,2528
example_001328,2378
example_001329,2558
example_001331,2723
example_001332,2681
example_001333,2478
example_001334,1915
example_001335,2348
example_001336,2987
example_001337,2274
example_001338,2374
example_001339,2562
example_001340,2424
example_001341,2411
example_001342,2689
example_001343,2350
example_001344,2184
example_001345,2126
example_001346,2549
example_001347,2372
example_001348,2722
example_001349,1990
example_001350,2398
example_001351,2421
example_001352,2653
example_001353,1940
example_001354,2378
example_001355,2206
example_001356,2415
example_001357,2123
example_001358,2525
example_001359,2230
example_001360,2273
example_001361,2293
example_001362,1902
example_001363,2145
example_001364,2355
example_001365,2308
example_001366,2355
example_001367,2391
example_001368,2661
example_001369,2796
example_001370,2289
example_001371,2221
example_001372,2102
example_001373,2607
example_001374,2520
example_001375,2103
example_001376,2599
example_001377,1933
example_001378,2294
example_001379,2383
example_001380,2248
example_001381,2468
example_001382,2747
example_001383,2667
example_001384,2112
example_001385,1923
example_001386,2143
example_001387,2450
example_001388,2761
example_001389,2528
example_001390,2054
example_001391,2164
example_001392,2375
example_001393,2407
example_001394,2387
example_001395,2317
example_001396,2403
example_001397,1993
example_001398,2409
example_001399,2206
example_001400,2348
example_001401,2330
example_001402,2245
example_001403,2475
example_001404,2354
example_001405,2128
example_001406,2409
example_001407,2437
example_001408,2399
example_001409,2911
example_001410,2217
example_001411,2807
example_001412,2578
example_001413,2131
example_001414,2487
example_001415,2647
example_001416,2049
example_001417,2759
example_001418,2093
example_001419,2437
example_001420,2261
example_001421,2536
example_001422,2418
example_001423,2524
example_001424,2191
example_001425,2101
example_001426,2277
example_001427,2355
example_001428,2564
example_001429,2398
example_001430,2403
example_001431,2253
example_001432,2191
example_001433,2149
example_001434,2820
example_001435,2463
example_001436,2552
example_001437,2184
example_001438,2460
example_001439,2231
example_001440,2399
example_001441,2039
example_001442,2346
example_001443,2262
example_001444,2521
example_001445,2272
example_001446,2165
example_001447,2896
example_001448,2455
example_001449,2236
example_001450,2557
example_001451,2546
example_001452,2309
example_001453,2796
example_001454,2405
example_001455,2650
example_001456,2068
example_001457,2499
example_001458,2239
example_001459,2652
example_001460,2370
example_001461,2171
example_001462,2201
example_001463,2279
example_001464,2059
example_001465,2249
example_001466,2828
example_001467,2767
example_001468,2504
example_001469,2142
example_001470,2882
example_001471,2495
example_001472,2286
example_001473,2214
example_001857,2480
example_001858,2559
example_001859,2089
example_001860,2312
example_001861,1954
example_001862,2417
example_001863,2374
example_001864,2432
example_001865,2053
example_001866,2572
example_001867,2593
example_001868,2448
example_001869,2238
example_001870,2386
example_001871,2277
example_001872,2350
example_001873,2390
example_001874,2737
example_001875,2409
example_001876,2471
example_001877,2121
example_001878,2393
example_001879,2620
example_001880,2273
example_001881,2575
example_001882,2287
example_001883,2272
example_001884,2132
example_001885,1984
example_001886,2379
example_001887,2109
example_001888,2005
example_001889,2003
example_001890,2322
example_001891,2544
example_001892,2408
example_001893,1872
example_001894,2556
example_001895,2826
example_001896,2373
example_001897,2369
example_001898,2529
example_001899,2214
example_001900,2552
example_001901,2596
example_001902,1978
example_001903,2846
example_001904,2357
example_001905,2477
example_001906,2209
example_001907,2210
example_001908,2545
example_001909,2340
example_001910,2263
example_001911,2467
example_001912,2095
example_001913,2428
example_001914,2183
example_001915,2405
example_001916,2377
example_001917,2538
example_001918,2395
example_001919,2327
example_001920,2217
example_001921,2665
example_001922,2361
example_001923,2289
example_001924,2262
example_001925,2268
example_001926,2290
example_001927,2055
example_001928,2528
example_001929,2489
example_001930,2088
example_001931,2590
example_001932,2523
example_001933,2442
example_001934,2355
example_001935,2235
example_001936,2226
example_001937,2712
example_001938,2679
example_001939,2413
example_001940,2578
example_001941,2547
example_001942,2267
example_001943,2631
example_001944,2251
example_001945,2016
example_001946,2402
example_001947,2662
example_001948,2630
example_001949,2753
example_001950,2395
example_001951,2223
example_001952,2195
example_001953,2080
example_001954,2192
example_001955,2160
example_001956,2040
example_001957,3087
example_001958,2600
example_001959,2213
example_001960,2659
example_001961,2245
example_001962,2471
example_001963,3246
example_001964,2090
example_001965,2441
example_001966,2273
example_001967,2572
example_001968,2428
example_001969,3166
example_001970,2470
example_001971,2293
example_001972,1981
example_001973,2215
example_001974,1933
example_001975,2551
example_001976,2452
example_001977,2403
example_001978,2136
example_001979,2509
example_001980,2084
example_001981,2308
example_001982,2634
example_001983,2705
example_001984,2460
example_001985,2284
example_001986,2225
example_001987,2792
example_001988,2361
example_001989,2483
example_001990,2192
example_001991,2346
example_001992,2264
example_001993,2482
example_001994,2743
example_001995,2733
example_001996,2670
example_001997,2703
example_001998,2302
example_001999,2416
example_002000,2448
example_002001,2464
example_002002,2847
example_002003,2303
example_002004,2523
example_002005,2203
example_002006,2291
example_002007,2775
example_002008,2481
example_002009,2187
example_002010,2549
example_002011,2806
example_002012,2500
example_002013,2425
example_002014,2001
example_002015,2561
example_002016,2624
example_002017,2234
example_002018,2227
example_002019,2431
example_002020,2195
example_002021,2430
example_002022,2525
example_002023,2534
example_002024,2762
example_002025,2397
example_002026,2006
example_002027,2259
example_002028,2475
example_002029,2893
example_002030,2955
example_002031,2056
example_002032,2430
example_002033,2347
example_002034,2459
example_002035,2210
example_002036,2371
example_002037,2173
example_002038,2274
example_002039,2560
example_002040,2503
example_002041,2331
example_002042,2687
example_002043,2545
example_002044,2303
example_002045,2077
example_002046,2028
example_002047,2368
example_002048,2947
example_002049,2540
example_002050,2280
example_002051,2254
example_002052,2158
example_002053,2428
example_002054,2499
example_002055,2109
example_002056,2445
example_002057,2213
example_002058,2280
example_002059,2446
example_002060,2305
example_002061,2596
example_002062,2562
example_002063,2488
example_002064,2180
example_002065,2324
example_002066,2612
example_002067,2532
example_002068,2355
example_002069,2198
example_002070,2299
example_002071,2131
example_002072,1971
example_002073,2250
example_002074,2164
example_002075,2146
example_002076,2332
example_002077,2556
example_002078,2600
example_002079,2227
example_002080,2328
example_002081,2681
example_002082,2503
example_002083,2749
example_002084,2471
example_002085,2196
example_002086,2337
example_002087,2199
example_002088,2327
example_002089,2361
example_002090,2340
example_002091,2662
example_002092,2671
example_002093,2739
example_002094,2219
example_002095,1940
example_002096,2452
example_002097,2205
example_002098,2350
example_002099,2406
example_002100,2291
example_002101,2265
example_002102,2771
example_002103,2459
example_002104,2572
example_002105,2499
example_002106,2218
example_002107,2505
example_002108,2684
example_002109,2411
example_002110,2168
example_002111,2224
example_002112,2231
example_002113,2153
example_002114,2334
example_002115,2256
example_002116,2109
example_002117,2693
example_002118,2320
example_002119,2157
example_002120,2545
example_002121,2725
example_002122,2189
example_002123,2399
example_002124,2309
example_002125,2081
example_002126,2250
example_002127,2318
example_002128,2452
example_002129,2214
example_002130,2724
example_002131,2492
example_002132,2086
example_002133,2600
example_002134,2370
example_002135,2145
example_002136,2362
example_002137,2215
example_002138,2320
example_002139,2171
example_002140,2187
example_002141,2398
example_002142,2123
example_002143,2560
example_002144,2652
example_002145,3296
example_002146,2374
example_002147,2625
example_002148,2437
example_002149,2526
example_002150,2271
example_002151,2287
example_002152,2258
example_002153,2224
example_002154,2419
example_002155,2142
example_002156,2302
example_002157,2824
example_002158,2695
example_002159,2330
example_002160,2043
example_002161,2649
example_002162,2392
example_002163,2455
example_002164,2448
example_002165,2163
example_002166,2403
example_002167,2421
example_002168,2520
example_002169,2399
example_002170,2523
example_002171,2200
example_002172,2195
example_002173,2390
example_002174,2273
example_002175,2252
example_002176,2439
example_002177,2059
example_002178,2535
example_002179,2331
example_002180,2466
example_002181,2445
example_002182,2293
example_002183,2311
example_002184,2689
example_002185,2406
example_002186,2475
example_002187,2149
example_002188,2203
example_002189,2163
example_002190,2043
example_002191,2337
example_002192,3246
example_002193,2478
example_002194,2600
example_002195,2679
example_002196,2339
example_002197,2237
example_002198,2052
example_002199,2484
example_002200,2352
example_002201,2312
example_002202,2494
example_002203,1948
example_002204,2624
example_002205,2480
example_002206,2549
example_002207,2310
example_002208,2376
example_002209,2130
example_002210,2015
example_002211,2234
example_002212,2067
example_002213,2411
example_002214,2224
example_002215,2305
example_002216,2500
example_002217,1988
example_002218,2356
example_002219,2283
example_002220,2359
example_002221,2332
example_002222,2695
example_002223,2020
example_002224,2504
example_002225,2421
example_002226,2435
example_002227,2275
example_002228,2521
example_002229,2670
example_002230,2795
example_002231,2383
example_002232,2577
example_002233,2239
example_002234,2196
example_002235,2166
example_002236,2518
example_002237,2866
example_002238,1976
example_002239,2058
example_002240,2354
example_002241,3037
example_002242,2114
example_002243,2249
example_002244,2475
example_002245,2367
example_002246,2597
example_002247,2426
example_002248,2413
example_002249,2127
example_002250,2522
example_002251,2410
example_002252,2468
example_002253,2135
example_002254,2460
example_002255,2452
example_002256,2263
example_002257,2140
example_002258,2832
example_002259,2098
example_002260,2075
example_002261,2155
example_002262,2411
example_002263,2349
example_002264,2130
example_002265,2506
example_002266,2292
example_002267,2577
example_002268,2133
example_002269,2340
example_002270,2423
example_002271,2671
example_002272,2272
example_002273,1887
example_002274,2353
example_002275,2819
example_002276,2157
example_002277,2261
example_002278,2272
example_002279,2390
example_002280,2346
example_002281,2240
example_002282,2145
example_002283,2290
example_002284,2530
example_002285,2997
example_002286,2491
example_002287,2380
example_002288,2581
example_002289,2292
example_002290,2158
example_002291,2434
example_002292,2303
example_002293,2443
example_002294,2458
example_002295,2826
example_002296,2394
example_002297,2237
example_002298,2278
example_002299,2251
example_002300,2949
example_002301,2135
example_002302,2024
example_002303,2456
example_002304,2224
example_002305,2165
example_002306,2161
example_002307,2672
example_002308,2465
example_002309,2089
example_002310,2554
example_002311,2584
example_002312,2491
example_002313,2423
example_002314,2173
example_002315,2168
example_002316,2981
example_002317,2153
example_002318,1987
example_002319,2152
example_002320,2636
example_002321,2621
example_002322,2599
example_002323,2308
example_002324,2561
example_002325,2039
example_002326,2230
example_002327,2533
example_002328,2445
example_002329,2461
example_002330,2915
example_002331,2254
example_002332,2608
example_002333,2535
example_002334,2229
example_002335,2343
example_002336,2500
example_002337,2790
example_002338,2299
example_002339,2202
example_002340,2380
example_002341,2596
example_002342,2843
example_002343,2685
example_002344,2726
example_002345,2827
example_002346,2534
example_002347,2926
example_002348,2456
example_002349,2457
example_002350,2453
example_002351,2202
example_002352,2482
example_002353,2471
example_002354,2181
example_002355,2653
example_002356,2340
example_002357,2149
example_002358,2347
example_002359,2333
example_002360,2555
example_002361,2243
example_002362,2393
example_002363,2430
example_002364,2370
example_002365,2390
example_002366,2464
example_002367,2429
example_002368,2314
example_002369,2413
example_002370,2772
example_002371,2132
example_002372,2729
example_002373,2309
