id,prediction
r5_0000,1
r5_0001,0
r0_0000,0
r0_0001,0
r5_0002,1
r1_0000,0
r1_0001,5
r4_0000,1
r5_0003,0
r4_0001,4
r3_0000,2
r1_0002,5
r0_0002,3
r1_0003,1
r1_0004,5
r5_0004,2
r2_0000,3
r1_0005,4
r4_0002,2
r5_0005,3
r3_0001,0
r1_0006,1
r3_0002,4
r4_0003,1
r4_0004,4
r3_0003,5
r5_0006,0
r2_0001,2
r2_0002,3
r4_0005,4
r1_0007,4
r3_0004,1
r2_0003,1
r2_0004,4
r3_0005,2
r4_0006,2
r1_0008,3
r2_0005,3
r1_0009,2
r2_0006,4
r5_0007,2
r2_0007,1
r1_0010,2
r4_0007,0
r0_0003,0
r1_0011,0
r2_0008,1
r3_0006,2
r5_0008,0
r1_0012,2
r4_0008,3
r4_0009,3
r4_0010,4
r5_0009,0
r3_0007,0
r4_0011,3
r2_0009,3
r4_0012,4
r1_0013,5
r3_0008,1
r0_0004,1
r1_0014,2
r3_0009,0
r2_0010,4
r0_0005,2
r2_0011,0
r5_0010,1
r2_0012,2
r0_0006,2
r5_0011,0
r3_0010,4
r3_0011,4
r3_0012,0
r5_0012,0
r0_0007,1
r5_0013,0
r2_0013,0
r5_0014,4
r4_0013,4
r0_0008,4
r4_0014,2
r5_0015,1
r1_0015,1
r5_0016,1
r3_0013,4
r0_0009,4
r5_0017,0
r3_0014,4
r5_0018,1
r0_0010,2
r3_0015,4
r0_0011,1
r1_0016,4
r5_0019,1
r5_0020,0
r5_0021,0
r5_0022,3
r1_0017,0
r2_0014,3
r4_0015,1
r3_0016,3
r2_0015,1
r1_0018,3
r5_0023,4
r1_0019,3
r4_0016,0
r3_0017,4
r3_0018,0
r4_0017,1
r4_0018,3
r3_0019,3
r0_0012,4
r1_0020,5
r2_0016,0
r5_0024,0
r2_0017,0
r4_0019,4
r2_0018,4
r5_0025,1
r4_0020,3
r5_0026,5
r4_0021,3
r5_0027,1
r3_0020,0
r4_0022,1
r1_0021,3
r2_0019,2
r3_0021,3
r1_0022,4
r4_0023,0
r4_0024,0
r5_0028,4
r3_0022,2
r2_0020,4
r1_0023,5
r4_0025,4
r5_0029,3
r5_0030,2
r5_0031,0
r5_0032,3
r4_0026,1
r3_0023,2
r2_0021,2
r0_0013,4
r2_0022,2
r2_0023,1
r3_0024,2
r4_0027,4
r5_0033,4
r1_0024,3
r1_0025,3
r0_0014,4
r0_0015,2
r5_0034,0
r5_0035,4
r2_0024,4
r0_0016,4
r1_0026,4
r3_0025,0
r4_0028,1
r1_0027,0
r3_0026,4
r2_0025,0
r3_0027,2
r3_0028,5
r2_0026,1
r4_0029,4
r3_0029,3
r3_0030,1
r5_0036,0
r1_0028,3
r4_0030,0
r4_0031,1
r5_0037,1
r4_0032,0
r4_0033,4
r4_0034,4
r4_0035,0
r5_0038,4
r4_0036,5
r4_0037,3
r4_0038,1
r4_0039,3
r4_0040,2
r3_0031,3
r0_0017,2
r2_0027,3
r2_0028,4
r2_0029,0
r5_0039,3
r1_0029,0
r3_0032,0
r0_0018,0
r4_0041,4
r1_0030,4
r5_0040,0
r0_0019,3
r0_0020,3
r0_0021,4
r1_0031,0
r2_0030,0
r1_0032,3
r1_0033,4
r4_0042,0
r3_0033,2
r0_0022,4
r1_0034,4
r1_0035,3
r5_0041,3
r0_0023,4
r4_0043,4
r1_0036,1
r3_0034,4
r0_0024,0
r3_0035,4
r5_0042,1
r0_0025,4
r2_0031,0
r0_0026,2
r3_0036,0
r4_0044,4
r3_0037,2
r2_0032,4
r4_0045,3
r2_0033,5
r1_0037,0
r3_0038,0
r5_0043,0
r2_0034,4
r5_0044,4
r5_0045,1
r0_0027,4
r3_0039,4
r2_0035,4
r1_0038,1
r2_0036,2
r2_0037,2
r1_0039,4
r4_0046,4
r0_0028,5
r1_0040,2
r0_0029,4
r5_0046,4
r1_0041,2
r0_0030,0
r3_0040,4
r1_0042,4
r0_0031,3
r1_0043,2
r0_0032,4
r5_0047,3
r1_0044,0
r4_0047,4
r5_0048,5
r4_0048,4
r0_0033,4
r4_0049,0
r5_0049,4
r1_0045,0
r0_0034,3
r1_0046,1
r5_0050,1
r2_0038,2
r5_0051,0
r2_0039,4
r5_0052,0
r5_0053,4
r5_0054,1
r3_0041,1
r1_0047,0
r2_0040,1
r0_0035,0
r0_0036,4
r4_0050,3
r5_0055,1
r1_0048,4
r0_0037,3
r2_0041,3
r0_0038,4
r3_0042,2
r0_0039,2
r3_0043,0
r5_0056,5
r5_0057,5
r1_0049,4
r2_0042,1
r2_0043,4
r2_0044,4
r4_0051,5
r4_0052,1
r4_0053,1
r4_0054,4
r3_0044,2
r4_0055,2
r4_0056,0
r1_0050,2
r1_0051,0
r0_0040,2
r1_0052,4
r1_0053,1
r3_0045,4
r4_0057,2
r3_0046,5
r2_0045,1
r1_0054,1
r3_0047,2
r2_0046,2
r5_0058,2
r1_0055,2
r1_0056,1
r3_0048,4
r0_0041,3
r1_0057,5
r5_0059,2
r1_0058,0
r0_0042,2
r4_0058,4
r5_0060,0
r0_0043,5
r4_0059,0
r4_0060,0
r4_0061,1
r4_0062,4
r2_0047,1
r4_0063,4
r5_0061,0
r2_0048,3
r2_0049,4
r1_0059,2
r4_0064,2
r4_0065,1
r4_0066,2
r1_0060,1
r2_0050,2
r2_0051,3
r0_0044,1
r2_0052,1
r3_0049,3
r2_0053,5
r1_0061,4
r0_0045,2
r4_0067,1
r1_0062,0
r5_0062,1
r2_0054,4
r1_0063,4
r4_0068,2
r3_0050,4
r3_0051,4
r1_0064,1
r2_0055,1
r0_0046,0
r1_0065,1
r3_0052,1
r2_0056,2
r0_0047,3
r1_0066,3
r3_0053,4
r4_0069,4
r4_0070,1
r4_0071,4
r4_0072,0
r4_0073,3
r2_0057,4
r3_0054,2
r0_0048,3
r2_0058,3
r2_0059,1
r5_0063,0
r4_0074,3
r5_0064,2
r2_0060,5
r0_0049,3
r3_0055,1
r5_0065,1
r0_0050,3
r5_0066,2
r5_0067,4
r3_0056,3
r5_0068,0
r0_0051,0
r5_0069,1
r0_0052,4
r3_0057,2
r4_0075,1
r3_0058,4
r1_0067,0
r1_0068,2
r0_0053,4
r2_0061,1
r1_0069,5
r4_0076,0
r5_0070,0
r1_0070,3
r2_0062,0
r4_0077,3
r0_0054,0
r5_0071,1
r3_0059,0
r1_0071,2
r1_0072,4
r2_0063,0
r5_0072,1
r5_0073,0
r1_0073,2
r3_0060,2
r5_0074,4
r5_0075,5
r1_0074,1
r5_0076,2
r2_0064,0
r0_0055,4
r0_0056,1
r1_0075,3
r3_0061,5
r3_0062,2
r2_0065,1
r2_0066,3
r3_0063,3
r3_0064,5
r4_0078,4
r3_0065,4
r0_0057,4
r4_0079,4
r0_0058,3
r3_0066,0
r2_0067,0
r3_0067,1
r0_0059,2
r0_0060,2
r2_0068,3
r0_0061,3
r5_0077,0
r2_0069,1
r4_0080,2
r1_0076,1
r5_0078,3
r5_0079,1
r0_0062,4
r4_0081,4
r2_0070,4
r1_0077,0
r0_0063,3
r2_0071,5
r5_0080,0
r0_0064,3
r5_0081,0
r5_0082,0
r2_0072,1
r2_0073,4
r3_0068,0
r1_0078,0
r5_0083,4
r3_0069,3
r3_0070,4
r0_0065,2
r0_0066,4
r3_0071,5
r0_0067,4
r1_0079,2
r5_0084,0
r1_0080,4
r0_0068,1
r5_0085,5
r3_0072,4
r4_0082,4
r5_0086,3
r4_0083,0
r1_0081,4
r1_0082,0
r3_0073,3
r0_0069,0
r3_0074,4
r1_0083,2
r5_0087,2
r3_0075,1
r3_0076,3
r5_0088,0
r0_0070,4
r4_0084,1
r3_0077,4
r4_0085,4
r0_0071,4
r1_0084,5
r5_0089,0
r0_0072,0
r1_0085,3
r4_0086,1
r2_0074,4
r1_0086,0
r2_0075,2
r1_0087,1
r5_0090,4
r4_0087,2
r2_0076,1
r0_0073,4
r5_0091,4
r4_0088,0
r1_0088,1
r3_0078,0
r0_0074,5
r1_0089,5
r4_0089,4
r3_0079,0
r2_0077,1
r0_0075,4
r5_0092,0
r4_0090,2
r1_0090,4
r3_0080,1
r3_0081,3
r5_0093,0
r0_0076,1
r2_0078,4
r3_0082,5
r3_0083,3
r4_0091,4
r1_0091,0
r3_0084,3
r1_0092,5
r0_0077,4
r4_0092,2
r5_0094,3
r2_0079,2
r0_0078,4
r1_0093,5
r4_0093,1
r4_0094,0
r0_0079,0
r0_0080,3
r4_0095,1
r1_0094,2
r5_0095,3
r1_0095,2
r1_0096,0
r4_0096,1
r1_0097,1
r3_0085,0
r4_0097,5
r3_0086,4
r4_0098,4
r4_0099,3
r1_0098,4
r2_0080,0
r0_0081,3
r5_0096,4
r2_0081,1
r1_0099,3
r2_0082,3
r5_0097,3
r2_0083,0
r4_0100,4
r3_0087,0
r5_0098,3
r2_0084,0
r2_0085,2
r5_0099,1
r1_0100,4
r2_0086,4
r2_0087,5
r1_0101,1
r4_0101,4
r0_0082,1
r5_0100,0
r2_0088,4
r2_0089,0
r0_0083,4
r1_0102,3
r0_0084,0
r4_0102,4
r3_0088,4
r2_0090,0
r0_0085,2
r4_0103,1
r3_0089,2
r5_0101,3
r3_0090,4
r3_0091,1
r2_0091,4
r3_0092,3
r1_0103,4
r5_0102,3
r2_0092,2
r3_0093,0
r3_0094,3
r2_0093,5
r5_0103,5
r4_0104,1
r3_0095,5
r3_0096,4
r2_0094,3
r4_0105,4
r3_0097,0
r1_0104,1
r5_0104,0
r4_0106,0
r3_0098,2
r0_0086,4
r5_0105,0
r4_0107,1
r5_0106,4
r5_0107,5
r2_0095,3
r3_0099,1
r5_0108,4
r3_0100,1
r4_0108,4
r4_0109,0
r1_0105,4
r4_0110,0
r0_0087,1
r2_0096,1
r3_0101,2
r1_0106,1
r2_0097,0
r2_0098,4
r4_0111,4
r1_0107,0
r4_0112,1
r0_0088,4
r4_0113,1
r3_0102,4
r2_0099,5
r3_0103,2
r5_0109,0
r1_0108,4
r1_0109,4
r2_0100,2
r1_0110,1
r0_0089,3
r3_0104,5
r3_0105,4
r0_0090,4
r2_0101,0
r5_0110,0
r2_0102,5
r4_0114,4
r3_0106,3
r5_0111,4
r5_0112,0
r1_0111,0
r1_0112,4
r0_0091,1
r2_0103,3
r0_0092,1
r3_0107,1
r2_0104,0
r5_0113,3
r3_0108,1
r2_0105,0
r2_0106,3
r3_0109,4
r0_0093,3
r5_0114,2
r0_0094,1
r1_0113,0
r4_0115,0
r3_0110,2
r2_0107,4
r0_0095,3
r2_0108,4
r3_0111,1
r3_0112,3
r2_0109,4
r3_0113,0
r0_0096,3
r3_0114,2
r5_0115,0
r2_0110,4
r4_0116,3
r4_0117,4
r2_0111,3
r2_0112,3
r1_0114,4
r3_0115,2
r4_0118,0
r3_0116,4
r0_0097,4
r0_0098,5
r2_0113,4
r4_0119,2
r4_0120,1
r1_0115,3
r0_0099,0
r0_0100,0
r0_0101,4
r1_0116,1
r3_0117,0
r1_0117,0
r2_0114,2
r2_0115,5
r0_0102,5
r3_0118,4
r5_0116,2
r1_0118,0
r4_0121,1
r3_0119,4
r4_0122,1
r1_0119,2
r2_0116,2
r2_0117,1
r2_0118,2
r4_0123,1
r0_0103,2
r1_0120,2
r4_0124,0
r5_0117,2
r1_0121,3
r5_0118,2
r4_0125,4
r5_0119,1
r3_0120,5
r2_0119,3
r2_0120,3
r2_0121,4
r2_0122,1
r1_0122,3
r2_0123,4
r2_0124,0
r5_0120,1
r3_0121,1
r1_0123,0
r4_0126,1
r5_0121,1
r4_0127,5
r5_0122,3
r3_0122,2
r2_0125,3
r4_0128,0
r5_0123,1
r3_0123,1
r0_0104,0
r4_0129,1
r4_0130,3
r1_0124,5
r1_0125,3
r1_0126,0
r1_0127,1
r2_0126,0
r1_0128,4
r2_0127,3
r5_0124,4
r5_0125,3
r5_0126,1
r0_0105,0
r5_0127,5
r0_0106,4
r1_0129,3
r0_0107,4
r3_0124,3
r4_0131,4
r4_0132,3
r5_0128,3
r1_0130,1
r5_0129,1
r5_0130,0
r0_0108,2
r0_0109,2
r5_0131,0
r3_0125,0
r1_0131,0
r5_0132,4
r0_0110,0
r4_0133,2
r3_0126,2
r4_0134,1
r2_0128,1
r5_0133,0
r5_0134,0
r5_0135,1
r0_0111,4
r5_0136,3
r1_0132,5
r4_0135,2
r0_0112,5
r5_0137,0
r2_0129,0
r2_0130,0
r3_0127,3
r0_0113,0
r2_0131,5
r2_0132,0
r0_0114,2
r4_0136,4
r1_0133,0
r0_0115,0
r0_0116,0
r0_0117,4
r1_0134,1
r4_0137,4
r1_0135,3
r1_0136,4
r0_0118,2
r2_0133,0
r4_0138,4
r5_0138,3
r2_0134,0
r3_0128,0
r0_0119,4
r1_0137,4
r0_0120,3
r0_0121,4
r1_0138,4
r3_0129,1
r4_0139,3
r5_0139,4
r2_0135,0
r5_0140,1
r0_0122,2
r3_0130,2
r3_0131,2
r3_0132,1
r5_0141,4
r3_0133,2
r0_0123,3
r3_0134,0
r3_0135,1
r2_0136,1
r1_0139,4
r5_0142,0
r2_0137,1
r1_0140,4
r1_0141,1
r3_0136,3
r4_0140,2
r5_0143,0
r0_0124,5
r5_0144,1
r5_0145,2
r0_0125,0
r0_0126,2
r3_0137,5
r2_0138,2
r1_0142,3
r1_0143,0
r2_0139,1
r5_0146,4
r2_0140,3
r4_0141,1
r3_0138,4
r0_0127,2
r5_0147,2
r2_0141,1
r3_0139,4
r0_0128,0
r3_0140,1
r0_0129,3
r1_0144,2
r5_0148,3
r0_0130,2
r1_0145,4
r2_0142,2
r2_0143,3
r1_0146,1
r2_0144,2
r5_0149,2
r2_0145,0
r3_0141,2
r4_0142,1
r3_0142,2
r4_0143,4
r3_0143,5
r4_0144,1
r1_0147,4
r4_0145,0
r3_0144,0
r0_0131,1
r2_0146,4
r5_0150,3
r5_0151,1
r4_0146,3
r4_0147,4
r1_0148,3
r2_0147,3
r5_0152,4
r1_0149,4
r2_0148,0
r2_0149,4
r2_0150,0
r3_0145,4
r5_0153,5
r3_0146,2
r1_0150,2
r2_0151,1
r3_0147,3
r5_0154,4
r4_0148,3
r1_0151,4
r5_0155,0
r3_0148,1
r2_0152,2
r2_0153,4
r5_0156,3
r4_0149,2
r4_0150,1
r1_0152,2
r3_0149,0
r3_0150,2
r2_0154,0
r0_0132,3
r0_0133,2
r2_0155,4
r3_0151,4
r4_0151,1
r3_0152,2
r1_0153,1
r0_0134,4
r5_0157,0
r0_0135,2
r1_0154,4
r5_0158,4
r3_0153,0
r0_0136,5
r5_0159,3
r0_0137,3
r4_0152,4
r5_0160,0
r5_0161,4
r4_0153,0
r0_0138,1
r1_0155,3
r1_0156,4
r0_0139,0
r5_0162,3
r2_0156,0
r0_0140,1
r3_0154,0
r3_0155,4
r1_0157,0
r0_0141,3
r3_0156,0
r3_0157,1
r1_0158,1
r0_0142,2
r1_0159,1
r2_0157,3
r1_0160,0
r0_0143,1
r5_0163,0
r2_0158,4
r4_0154,2
r5_0164,4
r4_0155,0
r4_0156,2
r2_0159,4
r4_0157,0
r0_0144,1
r2_0160,3
r5_0165,5
r4_0158,2
r0_0145,4
r2_0161,0
r3_0158,4
r0_0146,4
r2_0162,4
r5_0166,4
r1_0161,3
r0_0147,4
r1_0162,0
r1_0163,0
r3_0159,3
r3_0160,1
r3_0161,4
r0_0148,2
r4_0159,4
r3_0162,4
r1_0164,3
r0_0149,5
r3_0163,5
r2_0163,1
r5_0167,4
r2_0164,4
r4_0160,3
r3_0164,1
r4_0161,1
r1_0165,5
r1_0166,0
r2_0165,4
r1_0167,1
r1_0168,0
r5_0168,0
r1_0169,5
r0_0150,1
r2_0166,0
r2_0167,1
r0_0151,5
r4_0162,0
r3_0165,0
r3_0166,0
r3_0167,5
r2_0168,5
r5_0169,2
r3_0168,1
r3_0169,2
r0_0152,2
r2_0169,0
r0_0153,4
r4_0163,1
r4_0164,0
r0_0154,2
r2_0170,1
r2_0171,3
r0_0155,1
r1_0170,2
r4_0165,2
r4_0166,1
r3_0170,3
r0_0156,4
r4_0167,4
r5_0170,1
r3_0171,4
r2_0172,4
r5_0171,1
r4_0168,0
r4_0169,5
r4_0170,2
r0_0157,2
r5_0172,1
r0_0158,0
r0_0159,3
r2_0173,0
r5_0173,4
r4_0171,4
r0_0160,4
r1_0171,0
r4_0172,5
r1_0172,0
r1_0173,4
r1_0174,0
r5_0174,2
r3_0172,1
r1_0175,0
r2_0174,4
r0_0161,3
r5_0175,4
r4_0173,4
r2_0175,1
r3_0173,4
r3_0174,0
r2_0176,1
r0_0162,0
r5_0176,4
r0_0163,1
r0_0164,0
r0_0165,1
r4_0174,0
r3_0175,4
r2_0177,2
r3_0176,2
r2_0178,0
r5_0177,2
r2_0179,4
r1_0176,3
r5_0178,4
r0_0166,2
r0_0167,2
r5_0179,1
r4_0175,1
r5_0180,0
r0_0168,3
r1_0177,2
r4_0176,0
r0_0169,4
r0_0170,1
r5_0181,4
r2_0180,0
r3_0177,1
r3_0178,4
r1_0178,2
r3_0179,0
r5_0182,1
r4_0177,3
r0_0171,4
r5_0183,0
r4_0178,1
r4_0179,2
r5_0184,1
r2_0181,1
r4_0180,2
r4_0181,2
r0_0172,2
r3_0180,3
r0_0173,2
r5_0185,1
r1_0179,1
r5_0186,2
r1_0180,2
r3_0181,4
r2_0182,4
r5_0187,4
r2_0183,0
r3_0182,4
r5_0188,1
r5_0189,4
r2_0184,3
r0_0174,3
r5_0190,4
r4_0182,0
r4_0183,1
r4_0184,1
r4_0185,4
r0_0175,1
r5_0191,1
r3_0183,1
r1_0181,4
r1_0182,0
r4_0186,1
r2_0185,3
r1_0183,1
r3_0184,4
r1_0184,4
r3_0185,0
r5_0192,4
r1_0185,0
r3_0186,2
r2_0186,3
r1_0186,3
r1_0187,4
r5_0193,4
r3_0187,4
r5_0194,3
r0_0176,4
r1_0188,4
r2_0187,1
r0_0177,4
r3_0188,3
r3_0189,4
r0_0178,4
r1_0189,2
r2_0188,4
r1_0190,4
r0_0179,5
r5_0195,0
r5_0196,3
r2_0189,0
r1_0191,3
r1_0192,1
r3_0190,0
r4_0187,1
r4_0188,2
r4_0189,4
r5_0197,3
r2_0190,4
r5_0198,1
r3_0191,4
r0_0180,2
r0_0181,1
r2_0191,2
r1_0193,2
r1_0194,2
r5_0199,3
r1_0195,4
r5_0200,2
r4_0190,0
r5_0201,0
r4_0191,4
r1_0196,0
r5_0202,5
r5_0203,2
r5_0204,0
r4_0192,5
r4_0193,5
r0_0182,2
r4_0194,1
r3_0192,4
r5_0205,0
r4_0195,3
r4_0196,4
r5_0206,0
r2_0192,1
r4_0197,2
r1_0197,2
r1_0198,4
r3_0193,2
r1_0199,4
r4_0198,4
r2_0193,4
r1_0200,3
r5_0207,0
r1_0201,1
r5_0208,3
r1_0202,1
r2_0194,2
r3_0194,4
r0_0183,4
r3_0195,0
r3_0196,1
r3_0197,1
r1_0203,1
r5_0209,2
r1_0204,0
r1_0205,4
r3_0198,3
r4_0199,4
r1_0206,2
r3_0199,3
r5_0210,2
r2_0195,4
r5_0211,4
r1_0207,0
r5_0212,0
r0_0184,0
r4_0200,0
r1_0208,4
r5_0213,1
r0_0185,4
r2_0196,4
r5_0214,4
r0_0186,4
r5_0215,0
r2_0197,2
r0_0187,4
r0_0188,3
r4_0201,3
r4_0202,3
r2_0198,1
r1_0209,1
r3_0200,2
r5_0216,1
r4_0203,2
r1_0210,1
r1_0211,4
r1_0212,1
r5_0217,0
r3_0201,2
r1_0213,3
r2_0199,0
r0_0189,0
r3_0202,1
r3_0203,4
r0_0190,4
r5_0218,1
r0_0191,5
r4_0204,3
r4_0205,3
r2_0200,2
r1_0214,4
r5_0219,3
r4_0206,4
r0_0192,3
r5_0220,4
r4_0207,0
r0_0193,0
r1_0215,0
r5_0221,1
r3_0204,0
r4_0208,4
r5_0222,5
r0_0194,2
r4_0209,3
r3_0205,4
r3_0206,1
r1_0216,1
r3_0207,3
r0_0195,1
r5_0223,5
r5_0224,4
r2_0201,3
r2_0202,0
r2_0203,0
r3_0208,2
r1_0217,0
r1_0218,1
r0_0196,4
r3_0209,3
r3_0210,0
r3_0211,3
r5_0225,0
r3_0212,1
r2_0204,4
r5_0226,0
r4_0210,4
r1_0219,0
r3_0213,2
r2_0205,4
r5_0227,4
r0_0197,1
r2_0206,4
r1_0220,0
r3_0214,2
r3_0215,3
r0_0198,1
r2_0207,1
r2_0208,1
r5_0228,3
r2_0209,0
r5_0229,4
r4_0211,1
r1_0221,0
r3_0216,4
r0_0199,4
r4_0212,0
r3_0217,1
r0_0200,3
r0_0201,4
r3_0218,0
r0_0202,3
r2_0210,1
r5_0230,3
r1_0222,0
r1_0223,0
r3_0219,3
r3_0220,4
r3_0221,2
r1_0224,3
r1_0225,2
r5_0231,4
r3_0222,4
r3_0223,2
r0_0203,2
r0_0204,4
r3_0224,4
r1_0226,2
r5_0232,3
r1_0227,0
r2_0211,4
r2_0212,3
r0_0205,2
r0_0206,2
r0_0207,2
r2_0213,4
r1_0228,4
r3_0225,2
r3_0226,3
r3_0227,1
r4_0213,2
r3_0228,2
r2_0214,1
r3_0229,3
r2_0215,3
r2_0216,1
r1_0229,0
r2_0217,1
r3_0230,4
r3_0231,1
r2_0218,4
r3_0232,4
r3_0233,1
r4_0214,1
r5_0233,4
r2_0219,4
r0_0208,0
r3_0234,4
r1_0230,5
r1_0231,0
r0_0209,2
r5_0234,1
r2_0220,4
r1_0232,1
r3_0235,4
r4_0215,4
r4_0216,2
r5_0235,4
r5_0236,4
r1_0233,4
r4_0217,2
r3_0236,0
r4_0218,3
r1_0234,2
r3_0237,2
r5_0237,1
r1_0235,2
r5_0238,1
r0_0210,3
r2_0221,2
r3_0238,4
r5_0239,5
r3_0239,2
r0_0211,0
r1_0236,3
r5_0240,3
r0_0212,2
r3_0240,2
r5_0241,0
r3_0241,5
r1_0237,3
r5_0242,0
r3_0242,1
r2_0222,1
r4_0219,2
r4_0220,3
r4_0221,3
r2_0223,1
r4_0222,2
r2_0224,3
r1_0238,1
r1_0239,3
r4_0223,4
r1_0240,1
r1_0241,2
r5_0243,0
r5_0244,5
r2_0225,3
r5_0245,3
r3_0243,3
r3_0244,1
r0_0213,4
r1_0242,0
r4_0224,0
r2_0226,4
r0_0214,2
r4_0225,4
r4_0226,0
r2_0227,0
r0_0215,2
r1_0243,1
r4_0227,3
r1_0244,3
r5_0246,3
r0_0216,2
r3_0245,3
r4_0228,1
r1_0245,4
r4_0229,4
r4_0230,4
r0_0217,0
r2_0228,0
r1_0246,4
r5_0247,1
r2_0229,3
r0_0218,3
r2_0230,3
r1_0247,3
r4_0231,3
r4_0232,0
r5_0248,5
r1_0248,0
r3_0246,3
r5_0249,4
r0_0219,3
r3_0247,2
r4_0233,3
r0_0220,0
r0_0221,2
r0_0222,3
r0_0223,4
r5_0250,2
r3_0248,0
r4_0234,0
r4_0235,5
r5_0251,0
r0_0224,4
r0_0225,4
r2_0231,1
r3_0249,2
r5_0252,4
r1_0249,1
r3_0250,2
r3_0251,3
r1_0250,1
r3_0252,2
r4_0236,4
r3_0253,1
r2_0232,5
r3_0254,1
r0_0226,2
r3_0255,3
r0_0227,0
r5_0253,0
r0_0228,3
r3_0256,5
r3_0257,4
r0_0229,4
r3_0258,5
r4_0237,3
r1_0251,2
r5_0254,1
r2_0233,0
r2_0234,1
r5_0255,0
r5_0256,1
r2_0235,3
r2_0236,2
r0_0230,3
r4_0238,0
r5_0257,2
r5_0258,3
r0_0231,0
r4_0239,4
r3_0259,4
r0_0232,3
r4_0240,1
r0_0233,0
r2_0237,1
r1_0252,0
r2_0238,1
r5_0259,4
r0_0234,4
r1_0253,0
r1_0254,2
r1_0255,0
r3_0260,2
r1_0256,0
r1_0257,1
r3_0261,2
r2_0239,0
r3_0262,4
r1_0258,0
r4_0241,4
r3_0263,2
r5_0260,2
r3_0264,3
r2_0240,5
r3_0265,1
r0_0235,4
r1_0259,3
r2_0241,2
r2_0242,2
r5_0261,0
r3_0266,0
r4_0242,4
r1_0260,4
r2_0243,3
r2_0244,0
r1_0261,3
r3_0267,1
r2_0245,2
r0_0236,5
r1_0262,2
r1_0263,3
r0_0237,0
r4_0243,2
r3_0268,3
r5_0262,5
r0_0238,1
r1_0264,4
r2_0246,1
r2_0247,3
r2_0248,2
r3_0269,3
r5_0263,1
r5_0264,1
r4_0244,0
r0_0239,0
r0_0240,2
r4_0245,1
r2_0249,1
r2_0250,4
r3_0270,0
r5_0265,3
r1_0265,0
r3_0271,3
r2_0251,3
r4_0246,3
r4_0247,2
r5_0266,2
r2_0252,0
r4_0248,0
r1_0266,3
r1_0267,3
r0_0241,3
r2_0253,5
r4_0249,2
r4_0250,3
r0_0242,3
r3_0272,4
r1_0268,3
r3_0273,5
r2_0254,3
r5_0267,4
r2_0255,1
r3_0274,0
r4_0251,4
r4_0252,5
r2_0256,1
r3_0275,4
r2_0257,0
r4_0253,1
r1_0269,1
r0_0243,3
r2_0258,0
r0_0244,2
r0_0245,1
r3_0276,1
r5_0268,4
r1_0270,1
r0_0246,5
r2_0259,5
r0_0247,2
r0_0248,4
r3_0277,4
r2_0260,1
r2_0261,4
r1_0271,0
r3_0278,4
r1_0272,2
r4_0254,3
r5_0269,1
r3_0279,0
r3_0280,5
r3_0281,1
r4_0255,1
r0_0249,0
r3_0282,3
r5_0270,3
r4_0256,2
r4_0257,1
r4_0258,1
r3_0283,5
r0_0250,4
r4_0259,2
r0_0251,1
r0_0252,4
r0_0253,2
r0_0254,4
r2_0262,5
r5_0271,5
r3_0284,2
r2_0263,3
r1_0273,5
r3_0285,3
r1_0274,1
r0_0255,2
r5_0272,1
r1_0275,1
r5_0273,4
r1_0276,0
r0_0256,2
r1_0277,0
r5_0274,4
r1_0278,1
r3_0286,1
r3_0287,3
r1_0279,2
r2_0264,4
r3_0288,1
r4_0260,2
r2_0265,0
r0_0257,3
r5_0275,1
r4_0261,0
r5_0276,1
r3_0289,4
r2_0266,4
r2_0267,3
r0_0258,0
r5_0277,1
r5_0278,2
r1_0280,2
r2_0268,3
r5_0279,3
r0_0259,3
r2_0269,1
r4_0262,4
r4_0263,2
r4_0264,0
r2_0270,4
r4_0265,2
r1_0281,0
r1_0282,0
r1_0283,3
r5_0280,1
r5_0281,4
r1_0284,4
r3_0290,1
r2_0271,2
r5_0282,4
r2_0272,0
r0_0260,0
r3_0291,2
r4_0266,4
r2_0273,2
r3_0292,2
r4_0267,1
r0_0261,0
r5_0283,2
r3_0293,2
r3_0294,1
r4_0268,4
r1_0285,4
r3_0295,4
r3_0296,1
r0_0262,4
r4_0269,1
r0_0263,2
r4_0270,3
r0_0264,3
r1_0286,1
r1_0287,2
r0_0265,2
r4_0271,5
r4_0272,1
r2_0274,1
r2_0275,0
r0_0266,4
r1_0288,1
r2_0276,4
r1_0289,0
r3_0297,4
r5_0284,5
r2_0277,5
r2_0278,4
r3_0298,2
r5_0285,1
r4_0273,1
r4_0274,2
r5_0286,2
r0_0267,1
r5_0287,0
r2_0279,5
r2_0280,1
r2_0281,1
r5_0288,1
r4_0275,4
r5_0289,2
r4_0276,4
r2_0282,2
r3_0299,4
r2_0283,1
r2_0284,0
r5_0290,2
r3_0300,1
r4_0277,0
r2_0285,0
r5_0291,4
r1_0290,3
r3_0301,1
r3_0302,3
r2_0286,3
r3_0303,4
r1_0291,4
r3_0304,0
r1_0292,3
r4_0278,2
r5_0292,0
r2_0287,0
r1_0293,5
r3_0305,0
r2_0288,5
r1_0294,5
r3_0306,3
r4_0279,4
r2_0289,2
r0_0268,1
r2_0290,4
r5_0293,3
r3_0307,0
r2_0291,3
r2_0292,3
r1_0295,1
r2_0293,5
r0_0269,3
r5_0294,3
r2_0294,0
r1_0296,0
r0_0270,4
r2_0295,2
r5_0295,4
r3_0308,1
r2_0296,1
r0_0271,3
r5_0296,2
r2_0297,4
r2_0298,1
r1_0297,3
r4_0280,3
r4_0281,2
r3_0309,3
r1_0298,2
r5_0297,4
r1_0299,1
r0_0272,2
r0_0273,1
r0_0274,2
r5_0298,0
r5_0299,0
r3_0310,0
r1_0300,0
r4_0282,5
r5_0300,0
r4_0283,1
r1_0301,4
r4_0284,2
r4_0285,0
r0_0275,4
r0_0276,3
r4_0286,1
r1_0302,1
r0_0277,1
r3_0311,0
r0_0278,2
r1_0303,4
r0_0279,2
r4_0287,4
r4_0288,0
r3_0312,0
r2_0299,0
r0_0280,4
r4_0289,0
r1_0304,4
r4_0290,2
r1_0305,1
r5_0301,5
r0_0281,3
r5_0302,4
r3_0313,5
r2_0300,1
r3_0314,3
r5_0303,1
r1_0306,1
r5_0304,3
r5_0305,4
r5_0306,4
r2_0301,1
r5_0307,2
r3_0315,4
r1_0307,4
r4_0291,2
r2_0302,0
r0_0282,5
r2_0303,1
r2_0304,4
r2_0305,1
r0_0283,1
r0_0284,5
r5_0308,4
r3_0316,1
r4_0292,0
r0_0285,3
r5_0309,3
r2_0306,1
r4_0293,1
r0_0286,1
r0_0287,2
r1_0308,4
r1_0309,4
r3_0317,2
r1_0310,2
r1_0311,0
r2_0307,4
r3_0318,3
r1_0312,0
r5_0310,3
r1_0313,4
r3_0319,0
r0_0288,0
r5_0311,0
r1_0314,2
r4_0294,3
r1_0315,3
r2_0308,1
r4_0295,3
r4_0296,0
r0_0289,4
r4_0297,4
r1_0316,3
r0_0290,0
r3_0320,0
r5_0312,1
r2_0309,1
r3_0321,3
r0_0291,2
r2_0310,0
r3_0322,1
r1_0317,4
r1_0318,1
r1_0319,1
r0_0292,0
r3_0323,5
r0_0293,3
r4_0298,2
r5_0313,1
r5_0314,4
r3_0324,3
r0_0294,0
r0_0295,3
r2_0311,5
r4_0299,1
r1_0320,2
r4_0300,4
r2_0312,1
r3_0325,4
r0_0296,0
r1_0321,1
r0_0297,3
r3_0326,0
r2_0313,1
r1_0322,1
r5_0315,0
r4_0301,1
r5_0316,3
r1_0323,1
r2_0314,3
r4_0302,1
r3_0327,3
r2_0315,5
r1_0324,0
r4_0303,2
r3_0328,2
r2_0316,3
r0_0298,3
r5_0317,1
r3_0329,3
r0_0299,0
r2_0317,3
r1_0325,1
r4_0304,0
r5_0318,0
r0_0300,4
r4_0305,0
r3_0330,0
r4_0306,5
r2_0318,0
r1_0326,1
r5_0319,4
r4_0307,5
r4_0308,2
r3_0331,2
r3_0332,3
r3_0333,3
r5_0320,1
r2_0319,5
r0_0301,3
r2_0320,3
r5_0321,2
r2_0321,1
r1_0327,0
r3_0334,5
r1_0328,0
r4_0309,1
r5_0322,0
r0_0302,0
r1_0329,1
r4_0310,4
r3_0335,2
r0_0303,3
r3_0336,1
r3_0337,4
r0_0304,3
r3_0338,3
r2_0322,2
r1_0330,2
r4_0311,4
r3_0339,0
r4_0312,3
r0_0305,4
r3_0340,3
r5_0323,4
r0_0306,0
r5_0324,4
r2_0323,0
r2_0324,1
r5_0325,4
r2_0325,0
r1_0331,3
r0_0307,5
r0_0308,3
r0_0309,0
r1_0332,1
r5_0326,3
r1_0333,4
r4_0313,2
r1_0334,2
r1_0335,0
r5_0327,4
r5_0328,3
r1_0336,5
r3_0341,1
r5_0329,1
r5_0330,0
r4_0314,2
r4_0315,4
r0_0310,0
r2_0326,3
r3_0342,0
r4_0316,4
r0_0311,0
r3_0343,4
r1_0337,3
r0_0312,4
r2_0327,0
r3_0344,4
r0_0313,2
r4_0317,5
r5_0331,4
r5_0332,3
r3_0345,4
r5_0333,3
r2_0328,3
r5_0334,1
r0_0314,1
r2_0329,0
r3_0346,0
r1_0338,2
r4_0318,1
r1_0339,1
r3_0347,3
r4_0319,5
r2_0330,3
r0_0315,4
r3_0348,1
r2_0331,0
r2_0332,3
r1_0340,0
r1_0341,0
r3_0349,4
r1_0342,0
r0_0316,4
r3_0350,2
r4_0320,2
r2_0333,3
r1_0343,1
r5_0335,1
r4_0321,2
r1_0344,2
r1_0345,2
r1_0346,4
r2_0334,0
r5_0336,4
r4_0322,3
r1_0347,2
r4_0323,4
r2_0335,3
r1_0348,1
r2_0336,4
r5_0337,4
r0_0317,2
r5_0338,0
r3_0351,4
r2_0337,1
r1_0349,0
r3_0352,0
r5_0339,1
r5_0340,3
r0_0318,4
r1_0350,0
r1_0351,4
r5_0341,3
r3_0353,0
r2_0338,0
r5_0342,2
r0_0319,1
r5_0343,4
r0_0320,1
r1_0352,1
r2_0339,1
r0_0321,1
r2_0340,1
r5_0344,1
r5_0345,2
r3_0354,2
r1_0353,4
r4_0324,4
r3_0355,1
r3_0356,0
r2_0341,4
r0_0322,4
r3_0357,1
r0_0323,2
r2_0342,3
r0_0324,1
r0_0325,2
r4_0325,1
r1_0354,1
r0_0326,2
r1_0355,5
r3_0358,3
r4_0326,2
r2_0343,4
r0_0327,1
r4_0327,4
r3_0359,3
r2_0344,2
r4_0328,1
r4_0329,0
r3_0360,3
r1_0356,0
r3_0361,5
r0_0328,0
r3_0362,0
r2_0345,1
r3_0363,1
r4_0330,1
r0_0329,4
r4_0331,2
r5_0346,1
r0_0330,4
r0_0331,4
r1_0357,4
r5_0347,4
r2_0346,1
r1_0358,4
r2_0347,3
r0_0332,0
r0_0333,3
r4_0332,4
r5_0348,1
r3_0364,5
r2_0348,5
r3_0365,4
r1_0359,3
r4_0333,2
r4_0334,2
r0_0334,0
r1_0360,4
r1_0361,3
r2_0349,0
r3_0366,1
r1_0362,0
r0_0335,0
r0_0336,3
r4_0335,4
r0_0337,0
r1_0363,4
r1_0364,4
r0_0338,2
r3_0367,4
r0_0339,1
r1_0365,3
r0_0340,4
r0_0341,4
r4_0336,2
r2_0350,4
r0_0342,4
r5_0349,0
r3_0368,1
r3_0369,1
r5_0350,0
r4_0337,2
r5_0351,3
r5_0352,4
r5_0353,0
r2_0351,4
r5_0354,4
r2_0352,4
r2_0353,0
r0_0343,2
r4_0338,2
r2_0354,5
r2_0355,2
r4_0339,0
r1_0366,2
r4_0340,3
r1_0367,3
r4_0341,1
r2_0356,0
r4_0342,4
r0_0344,3
r1_0368,4
r5_0355,0
r1_0369,5
r0_0345,5
r3_0370,3
r5_0356,4
r2_0357,5
r1_0370,0
r5_0357,1
r2_0358,5
r4_0343,4
r2_0359,1
r5_0358,1
r1_0371,4
r5_0359,0
r4_0344,3
r2_0360,2
r4_0345,2
r4_0346,3
r2_0361,3
r5_0360,2
r5_0361,4
r5_0362,1
r2_0362,1
r5_0363,4
r4_0347,2
r4_0348,3
r3_0371,0
r0_0346,0
r0_0347,2
r1_0372,4
r1_0373,0
r2_0363,4
r0_0348,4
r5_0364,4
r5_0365,1
r3_0372,1
r1_0374,2
r1_0375,1
r5_0366,1
r4_0349,4
r1_0376,0
r5_0367,4
r2_0364,1
r1_0377,2
r4_0350,1
r4_0351,2
r4_0352,1
r3_0373,1
r2_0365,0
r5_0368,3
r2_0366,0
r0_0349,3
r2_0367,4
r4_0353,3
r0_0350,0
r4_0354,2
r3_0374,2
r0_0351,4
r2_0368,4
r5_0369,1
r3_0375,1
r2_0369,1
r0_0352,1
r5_0370,5
r5_0371,1
r4_0355,4
r3_0376,0
r2_0370,1
r3_0377,2
r4_0356,2
r0_0353,4
r2_0371,1
r2_0372,1
r3_0378,4
r2_0373,1
r1_0378,4
r5_0372,0
r4_0357,5
r5_0373,1
r1_0379,1
r2_0374,3
r0_0354,3
r1_0380,2
r3_0379,2
r0_0355,0
r0_0356,4
r3_0380,3
r3_0381,3
r4_0358,3
r3_0382,2
r1_0381,0
r0_0357,4
r1_0382,4
r5_0374,2
r4_0359,0
r0_0358,4
r0_0359,1
r2_0375,4
r0_0360,1
r4_0360,3
r4_0361,5
r0_0361,4
r5_0375,4
r4_0362,0
r0_0362,4
r2_0376,4
r3_0383,1
r0_0363,3
r5_0376,4
r0_0364,2
r4_0363,2
r2_0377,4
r1_0383,1
r0_0365,3
r5_0377,2
r5_0378,2
r1_0384,2
r1_0385,4
r4_0364,0
r5_0379,0
r0_0366,2
r2_0378,4
r3_0384,4
r0_0367,0
r5_0380,1
r1_0386,3
r2_0379,0
r5_0381,4
r2_0380,4
r2_0381,4
r4_0365,0
r4_0366,4
r0_0368,0
r4_0367,0
r0_0369,3
r4_0368,2
r0_0370,4
r5_0382,3
r4_0369,4
r2_0382,2
r0_0371,3
r2_0383,4
r3_0385,4
r3_0386,2
r1_0387,2
r3_0387,2
r2_0384,1
r2_0385,1
r4_0370,4
r3_0388,0
r3_0389,2
r1_0388,1
r2_0386,0
r2_0387,4
r1_0389,0
r2_0388,0
r4_0371,4
r1_0390,2
r0_0372,1
r1_0391,1
r5_0383,0
r1_0392,2
r3_0390,2
r5_0384,2
r3_0391,5
r5_0385,4
r5_0386,4
r2_0389,0
r5_0387,2
r5_0388,2
r2_0390,1
r3_0392,1
r3_0393,3
r2_0391,3
r4_0372,2
r1_0393,3
r3_0394,0
r3_0395,3
r3_0396,4
r3_0397,1
r2_0392,4
r4_0373,4
r1_0394,5
r3_0398,4
r0_0373,3
r3_0399,1
r2_0393,4
r3_0400,4
r5_0389,4
r5_0390,0
r5_0391,0
r0_0374,4
r0_0375,2
r1_0395,0
r3_0401,0
r3_0402,1
r3_0403,2
r4_0374,3
r5_0392,4
r4_0375,3
r1_0396,4
r0_0376,1
r5_0393,3
r2_0394,1
r4_0376,0
r2_0395,4
r5_0394,4
r1_0397,3
r0_0377,4
r3_0404,3
r1_0398,0
r3_0405,1
r0_0378,3
r3_0406,2
r4_0377,0
r5_0395,0
r0_0379,3
r0_0380,4
r5_0396,3
r0_0381,0
r1_0399,0
r0_0382,0
r0_0383,4
r0_0384,5
r3_0407,1
r2_0396,4
r1_0400,3
r4_0378,4
r1_0401,1
r4_0379,4
r5_0397,4
r4_0380,5
r4_0381,4
r0_0385,1
r1_0402,2
r5_0398,1
r5_0399,0
r5_0400,4
r2_0397,0
r3_0408,1
r1_0403,1
r3_0409,5
r4_0382,0
r3_0410,1
r5_0401,3
r3_0411,4
r0_0386,0
r4_0383,0
r1_0404,0
r3_0412,4
r4_0384,4
r1_0405,2
r1_0406,5
r2_0398,1
r5_0402,4
r1_0407,1
r3_0413,3
r1_0408,3
r4_0385,1
r3_0414,4
r2_0399,2
r1_0409,4
r5_0403,0
r0_0387,0
r4_0386,1
r1_0410,2
r2_0400,3
r3_0415,1
r5_0404,4
r4_0387,1
r0_0388,5
r1_0411,0
r3_0416,0
r0_0389,4
r1_0412,2
r5_0405,0
r4_0388,0
r3_0417,4
r5_0406,5
r3_0418,4
r5_0407,0
r0_0390,2
r4_0389,0
r0_0391,0
r5_0408,4
r2_0401,4
r3_0419,0
r5_0409,3
r5_0410,2
r5_0411,2
r1_0413,1
r0_0392,5
r0_0393,0
r0_0394,4
r0_0395,4
r4_0390,2
r2_0402,2
r4_0391,1
r4_0392,3
r0_0396,4
r4_0393,4
r0_0397,0
r5_0412,2
r3_0420,4
r1_0414,1
r5_0413,4
r1_0415,4
r1_0416,0
r1_0417,0
r4_0394,1
r4_0395,5
r0_0398,1
r2_0403,3
r1_0418,3
r0_0399,3
r5_0414,3
r3_0421,4
r5_0415,1
r1_0419,3
r5_0416,0
r4_0396,0
r0_0400,2
r0_0401,3
r3_0422,4
r2_0404,1
r5_0417,2
r4_0397,3
r5_0418,0
r1_0420,5
r0_0402,5
r3_0423,4
r4_0398,2
r4_0399,3
r4_0400,0
r4_0401,3
r4_0402,0
r3_0424,4
r2_0405,1
r1_0421,0
r5_0419,4
r1_0422,1
r4_0403,0
r1_0423,2
r2_0406,0
r0_0403,1
r0_0404,0
r1_0424,1
r1_0425,4
r2_0407,2
r0_0405,0
r1_0426,2
r3_0425,4
r3_0426,2
r2_0408,2
r0_0406,0
r5_0420,1
r0_0407,4
r5_0421,1
r1_0427,4
r4_0404,3
r4_0405,1
r2_0409,3
r1_0428,4
r0_0408,4
r5_0422,4
r0_0409,1
r3_0427,4
r0_0410,3
r0_0411,1
r0_0412,4
r0_0413,1
r3_0428,4
r4_0406,2
r4_0407,2
r5_0423,4
r4_0408,2
r3_0429,2
r2_0410,3
r5_0424,3
r2_0411,1
r3_0430,1
r1_0429,0
r2_0412,1
r0_0414,4
r4_0409,1
r4_0410,0
r0_0415,4
r1_0430,3
r4_0411,0
r1_0431,0
r4_0412,0
r0_0416,0
r5_0425,4
r5_0426,0
r3_0431,2
r2_0413,2
r0_0417,2
r5_0427,2
r4_0413,1
r1_0432,5
r2_0414,2
r0_0418,3
r3_0432,4
r1_0433,2
r2_0415,2
r4_0414,4
r4_0415,0
r4_0416,4
r1_0434,4
r0_0419,2
r0_0420,4
r3_0433,4
r0_0421,0
r5_0428,4
r1_0435,3
r1_0436,3
r0_0422,3
r5_0429,4
r2_0416,0
r4_0417,0
r1_0437,0
r4_0418,4
r4_0419,1
r0_0423,0
r2_0417,4
r2_0418,3
r5_0430,0
r1_0438,4
r4_0420,2
r1_0439,2
r1_0440,0
r4_0421,1
r2_0419,2
r1_0441,3
r2_0420,3
r4_0422,4
r5_0431,0
r2_0421,3
r3_0434,4
r0_0424,0
r5_0432,3
r3_0435,5
r3_0436,4
r5_0433,2
r1_0442,1
r0_0425,4
r5_0434,0
r5_0435,1
r5_0436,4
r4_0423,0
r3_0437,4
r3_0438,4
r0_0426,4
r5_0437,4
r4_0424,2
r0_0427,3
r3_0439,4
r3_0440,0
r4_0425,3
r2_0422,1
r4_0426,1
r5_0438,0
r4_0427,3
r2_0423,1
r4_0428,0
r5_0439,3
r4_0429,4
r5_0440,4
r0_0428,4
r1_0443,4
r0_0429,4
r1_0444,0
r1_0445,3
r5_0441,1
r0_0430,1
r1_0446,1
r2_0424,0
r0_0431,1
r1_0447,0
r0_0432,4
r3_0441,2
r2_0425,2
r0_0433,0
r2_0426,4
r1_0448,5
r4_0430,5
r5_0442,3
r0_0434,2
r0_0435,2
r5_0443,0
r2_0427,5
r5_0444,5
r3_0442,4
r4_0431,4
r3_0443,3
r5_0445,3
r4_0432,3
r5_0446,4
r4_0433,4
r5_0447,4
r1_0449,2
r5_0448,4
r4_0434,1
r3_0444,1
r1_0450,0
r4_0435,4
r0_0436,3
r4_0436,1
r4_0437,3
r4_0438,2
r1_0451,3
r2_0428,3
r4_0439,3
r4_0440,4
r3_0445,4
r4_0441,4
r3_0446,1
r5_0449,1
r4_0442,0
r3_0447,4
r2_0429,2
r5_0450,3
r0_0437,3
r1_0452,2
r1_0453,4
r2_0430,5
r0_0438,4
r0_0439,0
r1_0454,0
r0_0440,4
r1_0455,0
r0_0441,4
r1_0456,4
r5_0451,4
r3_0448,3
r0_0442,1
r0_0443,1
r4_0443,1
r1_0457,1
r4_0444,3
r2_0431,4
r3_0449,0
r2_0432,0
r4_0445,3
r4_0446,1
r3_0450,3
r3_0451,1
r2_0433,4
r5_0452,4
r0_0444,2
r2_0434,4
r3_0452,3
r3_0453,4
r3_0454,0
r0_0445,3
r3_0455,3
r2_0435,0
r4_0447,5
r2_0436,3
r2_0437,3
r1_0458,0
r2_0438,0
r5_0453,1
r3_0456,0
r1_0459,4
r1_0460,4
r5_0454,3
r1_0461,3
r0_0446,2
r1_0462,4
r2_0439,3
r3_0457,2
r3_0458,1
r0_0447,2
r1_0463,2
r3_0459,0
r4_0448,0
r3_0460,2
r5_0455,0
r2_0440,3
r5_0456,0
r2_0441,0
r0_0448,4
r0_0449,2
r0_0450,4
r4_0449,3
r2_0442,2
r3_0461,4
r4_0450,3
r4_0451,1
r4_0452,4
r5_0457,3
r0_0451,4
r0_0452,1
r4_0453,0
r0_0453,4
r5_0458,1
r4_0454,4
r0_0454,0
r5_0459,4
r2_0443,4
r1_0464,1
r2_0444,3
r4_0455,1
r0_0455,5
r4_0456,4
r5_0460,4
r0_0456,4
r4_0457,4
r3_0462,2
r5_0461,4
r4_0458,4
r0_0457,4
r5_0462,0
r3_0463,1
r4_0459,4
r0_0458,4
r1_0465,4
r3_0464,4
r2_0445,1
r1_0466,4
r3_0465,1
r2_0446,4
r3_0466,1
r2_0447,5
r0_0459,4
r4_0460,2
r1_0467,4
r0_0460,2
r0_0461,2
r4_0461,5
r2_0448,1
r0_0462,5
r3_0467,1
r4_0462,2
r4_0463,4
r2_0449,1
r4_0464,3
r0_0463,2
r5_0463,0
r3_0468,2
r3_0469,4
r4_0465,5
r4_0466,2
r3_0470,3
r2_0450,3
r3_0471,4
r3_0472,3
r2_0451,4
r1_0468,4
r1_0469,1
r2_0452,1
r4_0467,1
r4_0468,1
r4_0469,0
r2_0453,4
r4_0470,1
r4_0471,5
r5_0464,0
r0_0464,3
r3_0473,4
r1_0470,1
r4_0472,0
r4_0473,4
r1_0471,3
r5_0465,0
r3_0474,0
r5_0466,3
r2_0454,1
r2_0455,0
r4_0474,1
r3_0475,3
r5_0467,4
r2_0456,4
r5_0468,4
r1_0472,1
r0_0465,3
r5_0469,3
r2_0457,1
r0_0466,4
r0_0467,2
r2_0458,4
r3_0476,4
r4_0475,4
r4_0476,1
r2_0459,1
r0_0468,1
r0_0469,4
r2_0460,2
r4_0477,2
r2_0461,2
r0_0470,0
r2_0462,4
r4_0478,1
r2_0463,0
r5_0470,4
r0_0471,0
r2_0464,0
r5_0471,0
r5_0472,2
r5_0473,5
r4_0479,3
r2_0465,3
r5_0474,3
r5_0475,4
r5_0476,2
r2_0466,1
r4_0480,5
r0_0472,3
r3_0477,4
r0_0473,1
r4_0481,0
r2_0467,0
r4_0482,5
r0_0474,1
r2_0468,5
r0_0475,0
r4_0483,1
r4_0484,0
r3_0478,0
r0_0476,2
r4_0485,3
r5_0477,0
r0_0477,0
r3_0479,4
r4_0486,4
r2_0469,3
r4_0487,3
r3_0480,1
r0_0478,0
r1_0473,4
r5_0478,3
r4_0488,3
r1_0474,4
r4_0489,0
r0_0479,3
r0_0480,3
r0_0481,4
r1_0475,4
r1_0476,2
r1_0477,3
r0_0482,0
r3_0481,1
r2_0470,0
r3_0482,4
r0_0483,2
r0_0484,4
r4_0490,1
r1_0478,4
r3_0483,4
r2_0471,4
r5_0479,0
r4_0491,1
r3_0484,2
r5_0480,5
r5_0481,5
r5_0482,3
r3_0485,4
r5_0483,3
r4_0492,1
r4_0493,0
r3_0486,3
r3_0487,4
r5_0484,4
r4_0494,4
r3_0488,4
r5_0485,1
r0_0485,4
r1_0479,5
r4_0495,3
r1_0480,1
r1_0481,3
r5_0486,2
r3_0489,1
r2_0472,0
r2_0473,1
r1_0482,4
r0_0486,0
r3_0490,1
r2_0474,5
r2_0475,0
r2_0476,0
r1_0483,1
r5_0487,2
r2_0477,2
r3_0491,4
r4_0496,0
r1_0484,1
r0_0487,4
r1_0485,4
r5_0488,0
r4_0497,2
r3_0492,0
r2_0478,0
r4_0498,1
r5_0489,3
r1_0486,4
r3_0493,2
r0_0488,4
r1_0487,3
r1_0488,4
r1_0489,1
r0_0489,2
r4_0499,4
r5_0490,1
r0_0490,0
r5_0491,3
r2_0479,2
r1_0490,0
r2_0480,0
r2_0481,3
r2_0482,2
r4_0500,3
r1_0491,3
r2_0483,5
r4_0501,2
r4_0502,5
r3_0494,2
r3_0495,5
r1_0492,4
r2_0484,1
r0_0491,3
r5_0492,3
r1_0493,0
r0_0492,0
r5_0493,3
r2_0485,1
r0_0493,3
r4_0503,4
r1_0494,2
r1_0495,4
r1_0496,2
r4_0504,1
r2_0486,1
r3_0496,4
r3_0497,1
r2_0487,1
r3_0498,1
r5_0494,4
r0_0494,1
r1_0497,2
r0_0495,3
r2_0488,3
r0_0496,1
r4_0505,3
r2_0489,4
r1_0498,0
r1_0499,3
r0_0497,2
r3_0499,3
r1_0500,2
r5_0495,3
r1_0501,2
r5_0496,2
r2_0490,3
r0_0498,1
r5_0497,4
r4_0506,4
r4_0507,0
r4_0508,3
r5_0498,2
r2_0491,1
r0_0499,2
r2_0492,0
r1_0502,4
r3_0500,1
r3_0501,1
r0_0500,3
r4_0509,2
r1_0503,1
r0_0501,1
r2_0493,4
r5_0499,1
r1_0504,2
r5_0500,0
r4_0510,3
r2_0494,1
r3_0502,3
r0_0502,4
r2_0495,1
r3_0503,4
r0_0503,4
r2_0496,1
r5_0501,2
r1_0505,0
r5_0502,0
r0_0504,2
r2_0497,1
r0_0505,0
r4_0511,3
r4_0512,0
r4_0513,5
r4_0514,1
r3_0504,0
r4_0515,1
r5_0503,3
r0_0506,3
r1_0506,0
r2_0498,1
r4_0516,3
r2_0499,0
r5_0504,4
r5_0505,2
r5_0506,0
r4_0517,3
r0_0507,2
r0_0508,4
r3_0505,4
r4_0518,2
r2_0500,1
r2_0501,1
r3_0506,4
r2_0502,1
r3_0507,3
r3_0508,2
r1_0507,1
r2_0503,2
r2_0504,4
r0_0509,1
r5_0507,5
r2_0505,2
r3_0509,1
r5_0508,4
r3_0510,4
r3_0511,4
r5_0509,1
r3_0512,2
r3_0513,1
r2_0506,0
r0_0510,3
r3_0514,4
r5_0510,4
r1_0508,4
r4_0519,1
r2_0507,3
r1_0509,0
r1_0510,1
r5_0511,4
r3_0515,3
r2_0508,2
r1_0511,2
r0_0511,4
r1_0512,1
r0_0512,2
r0_0513,3
r2_0509,4
r0_0514,0
r2_0510,4
r0_0515,0
r2_0511,0
r1_0513,1
r5_0512,4
r3_0516,1
r4_0520,1
r1_0514,1
r3_0517,4
r3_0518,0
r2_0512,0
r0_0516,2
r5_0513,1
r5_0514,0
r1_0515,0
r4_0521,1
r5_0515,2
r5_0516,4
r3_0519,0
r4_0522,1
r3_0520,4
r3_0521,3
r1_0516,0
r4_0523,4
r2_0513,4
r3_0522,2
r0_0517,2
r5_0517,2
r0_0518,2
r3_0523,4
r0_0519,0
r4_0524,1
r3_0524,3
r5_0518,5
r3_0525,3
r5_0519,4
r0_0520,4
r5_0520,4
r4_0525,2
r3_0526,1
r0_0521,0
r5_0521,0
r1_0517,1
r2_0514,2
r5_0522,4
r1_0518,1
r2_0515,4
r2_0516,2
r4_0526,0
r3_0527,3
r1_0519,1
r2_0517,2
r2_0518,1
r3_0528,5
r5_0523,2
r5_0524,5
r5_0525,4
r0_0522,2
r2_0519,4
r0_0523,4
r2_0520,0
r0_0524,3
r3_0529,4
r1_0520,4
r1_0521,1
r2_0521,1
r5_0526,2
r0_0525,2
r4_0527,3
r3_0530,3
r3_0531,4
r4_0528,4
r3_0532,2
r3_0533,4
r2_0522,3
r4_0529,1
r5_0527,2
r2_0523,1
r1_0522,4
r1_0523,0
r1_0524,0
r4_0530,4
r4_0531,3
r5_0528,3
r1_0525,4
r4_0532,3
r4_0533,3
r4_0534,4
r4_0535,3
r5_0529,0
r5_0530,3
r2_0524,4
r3_0534,3
r5_0531,3
r4_0536,5
r2_0525,1
r5_0532,3
r1_0526,1
r0_0526,2
r5_0533,1
r2_0526,2
r1_0527,4
r1_0528,3
r1_0529,1
r5_0534,0
r0_0527,0
r4_0537,0
r2_0527,1
r1_0530,4
r4_0538,4
r2_0528,0
r2_0529,4
r0_0528,2
r3_0535,4
r1_0531,4
r1_0532,2
r4_0539,1
r0_0529,1
r1_0533,3
r2_0530,1
r1_0534,3
r4_0540,2
r5_0535,4
r0_0530,1
r5_0536,1
r2_0531,3
r1_0535,1
r5_0537,0
r1_0536,4
r4_0541,1
r0_0531,1
r2_0532,4
r0_0532,0
r2_0533,2
r0_0533,1
r5_0538,4
r5_0539,4
r5_0540,5
r4_0542,4
r4_0543,1
r5_0541,5
r1_0537,3
r3_0536,2
r2_0534,0
r4_0544,4
r2_0535,4
r3_0537,0
r0_0534,5
r3_0538,4
r4_0545,2
r2_0536,0
r5_0542,2
r1_0538,4
r5_0543,4
r2_0537,4
r2_0538,3
r0_0535,4
r1_0539,5
r2_0539,4
r0_0536,2
r2_0540,2
r1_0540,4
r3_0539,1
r1_0541,3
r2_0541,1
r0_0537,4
r5_0544,3
r1_0542,2
r3_0540,4
r1_0543,0
r0_0538,2
r5_0545,2
r1_0544,2
r1_0545,5
r3_0541,0
r0_0539,3
r3_0542,3
r3_0543,0
r2_0542,4
r4_0546,2
r5_0546,0
r1_0546,2
r4_0547,1
r2_0543,0
r0_0540,2
r4_0548,4
r0_0541,4
r4_0549,4
r5_0547,5
r2_0544,1
r3_0544,3
r2_0545,0
r3_0545,1
r4_0550,4
r3_0546,0
r5_0548,4
r3_0547,1
r1_0547,1
r0_0542,1
r1_0548,2
r2_0546,3
r4_0551,4
r2_0547,0
r0_0543,4
r5_0549,0
r5_0550,3
r0_0544,2
r5_0551,1
r2_0548,2
r3_0548,4
r2_0549,4
r5_0552,2
r0_0545,4
r2_0550,2
r4_0552,2
r2_0551,4
r4_0553,1
r5_0553,1
r3_0549,0
r1_0549,4
r0_0546,2
r3_0550,1
r4_0554,4
r3_0551,0
r2_0552,0
r5_0554,0
r5_0555,0
r0_0547,3
r0_0548,0
r0_0549,0
r0_0550,1
r1_0550,4
r0_0551,3
r2_0553,0
r0_0552,1
r1_0551,4
r1_0552,1
r0_0553,2
r2_0554,4
r1_0553,0
r0_0554,0
r3_0552,2
r4_0555,1
r1_0554,0
r0_0555,5
r3_0553,4
r5_0556,5
r2_0555,1
r0_0556,1
r4_0556,4
r3_0554,2
r3_0555,3
r2_0556,3
r1_0555,2
r5_0557,0
r4_0557,1
r4_0558,1
r5_0558,0
r3_0556,0
r2_0557,3
r5_0559,2
r3_0557,2
r2_0558,1
r3_0558,3
r0_0557,3
r3_0559,3
r5_0560,4
r1_0556,0
r1_0557,2
r3_0560,3
r1_0558,2
r5_0561,3
r2_0559,0
r0_0558,4
r3_0561,1
r2_0560,2
r4_0559,4
r1_0559,0
r1_0560,1
r2_0561,4
r3_0562,0
r5_0562,0
r2_0562,2
r3_0563,2
r4_0560,0
r4_0561,1
r2_0563,1
r2_0564,4
r2_0565,1
r5_0563,2
r4_0562,2
r5_0564,3
r5_0565,4
r0_0559,4
r1_0561,4
r5_0566,0
r4_0563,0
r3_0564,5
r4_0564,4
r3_0565,0
r0_0560,3
r0_0561,4
r1_0562,2
r5_0567,3
r2_0566,1
r3_0566,4
r0_0562,3
r5_0568,0
r0_0563,2
r3_0567,0
r0_0564,1
r4_0565,1
r2_0567,0
r2_0568,0
r2_0569,0
r5_0569,1
r0_0565,3
r2_0570,0
r4_0566,2
r4_0567,5
r3_0568,0
r2_0571,4
r4_0568,0
r0_0566,1
r3_0569,4
r5_0570,2
r1_0563,0
r3_0570,4
r2_0572,4
r3_0571,4
r2_0573,4
r3_0572,4
r1_0564,2
r3_0573,2
r3_0574,4
r0_0567,4
r0_0568,3
r5_0571,4
r1_0565,3
r4_0569,0
r2_0574,4
r0_0569,4
r4_0570,4
r2_0575,4
r1_0566,0
r4_0571,0
r5_0572,3
r5_0573,4
r3_0575,0
r0_0570,2
r1_0567,2
r2_0576,0
r2_0577,2
r4_0572,4
r2_0578,2
r3_0576,4
r5_0574,1
r0_0571,4
r5_0575,3
r2_0579,0
r2_0580,0
r1_0568,2
r4_0573,4
r3_0577,0
r0_0572,0
r0_0573,1
r5_0576,4
r4_0574,1
r4_0575,5
r3_0578,4
r1_0569,3
r1_0570,2
r2_0581,1
r4_0576,0
r5_0577,5
r5_0578,4
r2_0582,0
r4_0577,1
r5_0579,0
r1_0571,1
r0_0574,3
r0_0575,4
r1_0572,4
r0_0576,3
r0_0577,4
r1_0573,1
r1_0574,4
r5_0580,0
r2_0583,4
r5_0581,5
r5_0582,2
r2_0584,2
r3_0579,1
r5_0583,5
r4_0578,3
r1_0575,0
r2_0585,2
r5_0584,0
r3_0580,3
r3_0581,0
r3_0582,1
r3_0583,5
r4_0579,4
r5_0585,0
r1_0576,4
r5_0586,4
r0_0578,1
r1_0577,4
r5_0587,4
r4_0580,2
r4_0581,1
r3_0584,4
r0_0579,0
r4_0582,0
r5_0588,4
r4_0583,1
r4_0584,0
r0_0580,1
r0_0581,0
r1_0578,5
r4_0585,3
r5_0589,1
r3_0585,2
r3_0586,1
r0_0582,2
r1_0579,0
r4_0586,1
r2_0586,4
r3_0587,2
r2_0587,1
r3_0588,5
r1_0580,4
r4_0587,5
r2_0588,1
r2_0589,1
r2_0590,0
r5_0590,3
r2_0591,3
r3_0589,2
r3_0590,4
r5_0591,4
r1_0581,1
r0_0583,3
r4_0588,2
r1_0582,2
r0_0584,0
r4_0589,5
r1_0583,0
r1_0584,3
r4_0590,1
r0_0585,4
r1_0585,2
r3_0591,2
r4_0591,2
r5_0592,0
r4_0592,4
r1_0586,4
r2_0592,3
r0_0586,3
r5_0593,4
r3_0592,0
r1_0587,3
r1_0588,0
r0_0587,1
r0_0588,5
r5_0594,1
r1_0589,3
r1_0590,3
r2_0593,0
r0_0589,3
r3_0593,2
r2_0594,4
r4_0593,1
r3_0594,3
r4_0594,3
r1_0591,4
r2_0595,3
r1_0592,0
r1_0593,4
r4_0595,1
r4_0596,0
r5_0595,1
r0_0590,3
r2_0596,1
r0_0591,3
r3_0595,1
r2_0597,2
r2_0598,3
r1_0594,0
r0_0592,3
r0_0593,4
r0_0594,2
r4_0597,4
r5_0596,0
r3_0596,4
r0_0595,5
r0_0596,1
r5_0597,4
r3_0597,4
r1_0595,5
r4_0598,4
r3_0598,0
r2_0599,4
r0_0597,4
r1_0596,2
r5_0598,0
r5_0599,4
r0_0598,3
r0_0599,0
r3_0599,1
r1_0597,1
r1_0598,0
r1_0599,4
r4_0599,1
r0_0600,2
r5_0600,4
r3_0600,2
r4_0600,1
r2_0600,3
r1_0600,3
r0_0601,0
r3_0601,0
r2_0601,0
r5_0601,1
r0_0602,3
r0_0603,4
r4_0601,4
r0_0604,2
r0_0605,0
r0_0606,5
r4_0602,0
r3_0602,1
r2_0602,3
r0_0607,4
r5_0602,2
r4_0603,4
r3_0603,4
r4_0604,1
r2_0603,4
r2_0604,5
r5_0603,4
r2_0605,0
r0_0608,0
r4_0605,2
r2_0606,1
r3_0604,4
r4_0606,5
r1_0601,0
r4_0607,4
r1_0602,2
r3_0605,4
r1_0603,2
r4_0608,1
r4_0609,3
r1_0604,3
r0_0609,4
r2_0607,0
r1_0605,4
r4_0610,1
r1_0606,4
r1_0607,2
r5_0604,4
r5_0605,3
r3_0606,0
r1_0608,5
r4_0611,2
r3_0607,2
r0_0610,2
r0_0611,0
r4_0612,1
r3_0608,1
r5_0606,1
r1_0609,3
r4_0613,3
r4_0614,1
r1_0610,4
r0_0612,1
r1_0611,4
r0_0613,3
r5_0607,4
r5_0608,0
r5_0609,0
r5_0610,3
r0_0614,0
r5_0611,4
r2_0608,3
r1_0612,4
r0_0615,2
r1_0613,2
r5_0612,3
r1_0614,4
r0_0616,4
r5_0613,1
r4_0615,4
r3_0609,1
r3_0610,4
r3_0611,3
r4_0616,2
r2_0609,1
r0_0617,3
r0_0618,4
r1_0615,2
r2_0610,3
r1_0616,2
r4_0617,4
r0_0619,4
r0_0620,2
r2_0611,0
r1_0617,3
r0_0621,3
r1_0618,5
r3_0612,5
r4_0618,2
r3_0613,2
r5_0614,2
r0_0622,1
r0_0623,4
r4_0619,4
r4_0620,0
r1_0619,2
r4_0621,0
r4_0622,1
r2_0612,5
r1_0620,1
r3_0614,4
r5_0615,3
r1_0621,1
r2_0613,1
r0_0624,0
r0_0625,5
r3_0615,3
r0_0626,4
r4_0623,0
r2_0614,0
r1_0622,3
r0_0627,1
r0_0628,3
r0_0629,1
r1_0623,4
r3_0616,1
r4_0624,1
r5_0616,0
r0_0630,3
r1_0624,4
r4_0625,0
r1_0625,3
r1_0626,0
r2_0615,3
r2_0616,1
r4_0626,2
r2_0617,0
r1_0627,2
r2_0618,0
r3_0617,3
r0_0631,4
r1_0628,2
r4_0627,4
r5_0617,1
r5_0618,3
r3_0618,2
r2_0619,0
r0_0632,0
r2_0620,0
r0_0633,0
r0_0634,0
r2_0621,1
r0_0635,4
r1_0629,2
r4_0628,4
r1_0630,0
r2_0622,0
r4_0629,0
r4_0630,2
r4_0631,5
r2_0623,3
r1_0631,0
r2_0624,0
r2_0625,3
r1_0632,1
r2_0626,0
r2_0627,1
r3_0619,4
r4_0632,2
r4_0633,1
r4_0634,2
r5_0619,3
r4_0635,0
r0_0636,4
r5_0620,4
r4_0636,3
r4_0637,1
r0_0637,0
r4_0638,0
r1_0633,2
r1_0634,2
r2_0628,4
r3_0620,1
r1_0635,4
r3_0621,2
r1_0636,0
r4_0639,0
r5_0621,1
r3_0622,3
r0_0638,2
r3_0623,1
r5_0622,3
r3_0624,3
r3_0625,0
r2_0629,0
r3_0626,0
r3_0627,1
r4_0640,2
r3_0628,1
r2_0630,0
r3_0629,4
r4_0641,4
r2_0631,1
r1_0637,3
r4_0642,3
r5_0623,2
r2_0632,2
r2_0633,4
r0_0639,1
r0_0640,5
r0_0641,1
r4_0643,0
r4_0644,0
r2_0634,4
r2_0635,4
r4_0645,5
r2_0636,2
r4_0646,3
r5_0624,2
r2_0637,2
r2_0638,1
r2_0639,4
r2_0640,3
r5_0625,2
r4_0647,1
r1_0638,5
r4_0648,4
r4_0649,4
r1_0639,0
r3_0630,4
r2_0641,4
r5_0626,2
r3_0631,0
r2_0642,1
r0_0642,1
r5_0627,0
r1_0640,4
r0_0643,2
r2_0643,3
r3_0632,0
r1_0641,2
r4_0650,3
r3_0633,3
r4_0651,1
r4_0652,0
r4_0653,0
r1_0642,1
r5_0628,2
r4_0654,3
r3_0634,0
r3_0635,3
r2_0644,4
r4_0655,5
r3_0636,1
r0_0644,0
r4_0656,0
r2_0645,1
r0_0645,2
r5_0629,3
r5_0630,0
r5_0631,3
r4_0657,3
r1_0643,5
r1_0644,4
r2_0646,3
r4_0658,3
r2_0647,4
r0_0646,0
r3_0637,4
r4_0659,5
r2_0648,4
r5_0632,0
r4_0660,4
r0_0647,2
r4_0661,5
r4_0662,4
r4_0663,1
r2_0649,4
r0_0648,3
r4_0664,1
r1_0645,2
r2_0650,1
r1_0646,1
r0_0649,4
r4_0665,1
r1_0647,5
r5_0633,4
r0_0650,1
r4_0666,0
r4_0667,2
r3_0638,4
r0_0651,2
r4_0668,4
r3_0639,3
r0_0652,3
r5_0634,3
r5_0635,4
r1_0648,0
r5_0636,1
r5_0637,2
r4_0669,4
r3_0640,2
r2_0651,4
r5_0638,3
r5_0639,1
r0_0653,3
r4_0670,1
r5_0640,4
r2_0652,3
r1_0649,4
r5_0641,4
r2_0653,3
r4_0671,4
r4_0672,5
r1_0650,2
r5_0642,3
r1_0651,2
r4_0673,0
r2_0654,0
r1_0652,4
r4_0674,5
r3_0641,3
r1_0653,3
r1_0654,1
r0_0654,4
r3_0642,4
r0_0655,4
r3_0643,2
r3_0644,3
r0_0656,0
r0_0657,3
r5_0643,0
r4_0675,4
r0_0658,2
r2_0655,1
r4_0676,1
r0_0659,2
r1_0655,0
r2_0656,0
r2_0657,1
r5_0644,1
r4_0677,4
r4_0678,1
r5_0645,4
r1_0656,5
r2_0658,1
r4_0679,1
r4_0680,3
r5_0646,2
r0_0660,1
r4_0681,3
r2_0659,4
r0_0661,0
r0_0662,2
r1_0657,2
r5_0647,0
r5_0648,1
r3_0645,4
r5_0649,2
r3_0646,0
r4_0682,0
r5_0650,2
r2_0660,4
r5_0651,4
r2_0661,1
r2_0662,4
r0_0663,2
r0_0664,2
r1_0658,0
r2_0663,2
r5_0652,2
r3_0647,0
r2_0664,3
r0_0665,2
r0_0666,3
r2_0665,1
r1_0659,4
r3_0648,1
r3_0649,0
r0_0667,1
r0_0668,4
r5_0653,3
r4_0683,0
r4_0684,2
r5_0654,0
r3_0650,2
r2_0666,5
r3_0651,0
r2_0667,1
r5_0655,0
r3_0652,2
r2_0668,0
r2_0669,0
r0_0669,3
r1_0660,1
r3_0653,1
r2_0670,1
r0_0670,0
r2_0671,0
r2_0672,0
r3_0654,2
r2_0673,5
r2_0674,3
r4_0685,1
r0_0671,4
r1_0661,0
r3_0655,1
r4_0686,4
r3_0656,4
r0_0672,0
r0_0673,3
r0_0674,0
r2_0675,1
r4_0687,3
r4_0688,0
r0_0675,0
r1_0662,4
r3_0657,4
r2_0676,3
r4_0689,3
r3_0658,4
r5_0656,4
r3_0659,4
r5_0657,1
r3_0660,1
r1_0663,4
r1_0664,1
r5_0658,3
r3_0661,1
r2_0677,3
r1_0665,5
r3_0662,5
r3_0663,3
r2_0678,3
r4_0690,4
r3_0664,2
r5_0659,4
r4_0691,2
r2_0679,2
r1_0666,0
r5_0660,2
r4_0692,1
r5_0661,4
r2_0680,3
r4_0693,1
r4_0694,5
r0_0676,4
r2_0681,5
r5_0662,0
r2_0682,4
r5_0663,2
r5_0664,4
r2_0683,0
r0_0677,1
r3_0665,2
r2_0684,2
r1_0667,0
r4_0695,4
r1_0668,2
r5_0665,1
r1_0669,0
r0_0678,3
r5_0666,5
r0_0679,1
r1_0670,2
r1_0671,3
r5_0667,0
r1_0672,2
r0_0680,0
r2_0685,1
r4_0696,3
r0_0681,0
r5_0668,0
r0_0682,1
r2_0686,2
r4_0697,0
r5_0669,3
r5_0670,1
r1_0673,0
r2_0687,1
r5_0671,0
r5_0672,4
r3_0666,5
r3_0667,5
r0_0683,5
r1_0674,0
r4_0698,5
r1_0675,2
r5_0673,4
r3_0668,0
r0_0684,3
r0_0685,3
r1_0676,3
r1_0677,2
r5_0674,1
r4_0699,2
r2_0688,1
r1_0678,3
r4_0700,0
r3_0669,3
r1_0679,1
r2_0689,1
r5_0675,5
r4_0701,1
r5_0676,1
r5_0677,2
r3_0670,3
r4_0702,4
r0_0686,4
r2_0690,0
r5_0678,1
r0_0687,5
r3_0671,3
r1_0680,3
r2_0691,0
r0_0688,5
r3_0672,4
r3_0673,3
r5_0679,4
r4_0703,3
r2_0692,4
r5_0680,0
r4_0704,1
r2_0693,1
r1_0681,3
r1_0682,1
r3_0674,3
r0_0689,2
r2_0694,3
r0_0690,3
r0_0691,0
r5_0681,1
r0_0692,1
r2_0695,4
r4_0705,1
r0_0693,4
r1_0683,3
r4_0706,1
r4_0707,3
r1_0684,4
r4_0708,3
r4_0709,1
r1_0685,2
r2_0696,2
r5_0682,1
r3_0675,1
r5_0683,1
r4_0710,4
r4_0711,3
r5_0684,0
r0_0694,4
r1_0686,2
r4_0712,1
r1_0687,4
r4_0713,1
r2_0697,0
r3_0676,0
r3_0677,1
r3_0678,3
r5_0685,4
r4_0714,4
r1_0688,4
r3_0679,4
r4_0715,5
r2_0698,0
r2_0699,5
r2_0700,2
r2_0701,0
r1_0689,3
r5_0686,4
r5_0687,0
r2_0702,3
r3_0680,5
r3_0681,0
r5_0688,4
r4_0716,3
r5_0689,4
r1_0690,1
r2_0703,3
r1_0691,3
r5_0690,5
r2_0704,2
r1_0692,4
r1_0693,0
r4_0717,4
r2_0705,2
r5_0691,0
r0_0695,0
r5_0692,0
r3_0682,3
r2_0706,3
r4_0718,0
r4_0719,4
r1_0694,2
r2_0707,0
r0_0696,3
r5_0693,0
r5_0694,0
r0_0697,4
r5_0695,1
r3_0683,3
r3_0684,4
r0_0698,4
r3_0685,4
r5_0696,1
r4_0720,3
r3_0686,0
r1_0695,5
r4_0721,3
r3_0687,4
r0_0699,3
r2_0708,5
r5_0697,4
r4_0722,0
r4_0723,4
r4_0724,4
r1_0696,0
r0_0700,4
r3_0688,4
r1_0697,1
r4_0725,3
r4_0726,1
r4_0727,2
r0_0701,2
r1_0698,4
r2_0709,3
r5_0698,4
r1_0699,3
r3_0689,1
r0_0702,3
r1_0700,5
r1_0701,1
r5_0699,0
r1_0702,0
r4_0728,1
r1_0703,2
r5_0700,4
r0_0703,4
r1_0704,5
r4_0729,1
r0_0704,4
r2_0710,4
r1_0705,4
r4_0730,1
r1_0706,2
r4_0731,4
r1_0707,0
r0_0705,2
r2_0711,1
r0_0706,4
r0_0707,3
r5_0701,1
r5_0702,0
r1_0708,1
r1_0709,2
r4_0732,0
r4_0733,1
r0_0708,1
r0_0709,4
r5_0703,4
r3_0690,1
r2_0712,0
r3_0691,0
r4_0734,4
r1_0710,3
r3_0692,1
r0_0710,4
r4_0735,0
r5_0704,4
r4_0736,2
r4_0737,4
r4_0738,4
r5_0705,0
r1_0711,0
r4_0739,4
r2_0713,4
r2_0714,0
r1_0712,4
r3_0693,2
r1_0713,2
r4_0740,0
r4_0741,1
r1_0714,0
r4_0742,0
r3_0694,1
r3_0695,3
r3_0696,4
r1_0715,0
r5_0706,4
r0_0711,1
r3_0697,4
r1_0716,2
r5_0707,0
r1_0717,1
r4_0743,1
r3_0698,1
r0_0712,3
r2_0715,4
r3_0699,0
r5_0708,0
r5_0709,0
r0_0713,4
r0_0714,0
r4_0744,3
r4_0745,3
r3_0700,0
r4_0746,3
r4_0747,2
r1_0718,4
r3_0701,4
r2_0716,0
r4_0748,3
r0_0715,2
r2_0717,0
r2_0718,2
r2_0719,5
r5_0710,3
r2_0720,1
r5_0711,4
r4_0749,3
r0_0716,3
r3_0702,1
r3_0703,4
r4_0750,2
r0_0717,0
r0_0718,1
r2_0721,1
r1_0719,4
r4_0751,1
r0_0719,3
r3_0704,0
r1_0720,4
r2_0722,0
r5_0712,4
r3_0705,4
r1_0721,4
r4_0752,2
r5_0713,0
r1_0722,0
r4_0753,0
r0_0720,3
r3_0706,3
r5_0714,4
r1_0723,4
r5_0715,2
r0_0721,0
r2_0723,1
r3_0707,4
r0_0722,0
r4_0754,1
r0_0723,4
r3_0708,0
r1_0724,1
r3_0709,3
r4_0755,4
r2_0724,2
r3_0710,5
r4_0756,0
r1_0725,5
r5_0716,0
r3_0711,0
r3_0712,4
r3_0713,2
r3_0714,1
r3_0715,2
r2_0725,1
r3_0716,3
r5_0717,1
r3_0717,4
r0_0724,4
r0_0725,2
r4_0757,2
r3_0718,0
r3_0719,0
r1_0726,1
r4_0758,0
r3_0720,4
r4_0759,5
r4_0760,3
r0_0726,3
r0_0727,4
r3_0721,3
r5_0718,2
r3_0722,1
r4_0761,2
r0_0728,2
r1_0727,4
r3_0723,4
r2_0726,4
r1_0728,3
r0_0729,4
r2_0727,4
r4_0762,0
r1_0729,4
r3_0724,0
r4_0763,4
r5_0719,1
r3_0725,0
r1_0730,2
r4_0764,3
r5_0720,3
r0_0730,3
r5_0721,4
r1_0731,0
r3_0726,1
r3_0727,3
r2_0728,2
r1_0732,4
r3_0728,3
r0_0731,4
r2_0729,3
r2_0730,3
r3_0729,4
r4_0765,4
r3_0730,0
r5_0722,1
r1_0733,4
r3_0731,0
r2_0731,4
r1_0734,1
r3_0732,3
r5_0723,1
r0_0732,0
r5_0724,2
r1_0735,4
r1_0736,4
r1_0737,3
r5_0725,1
r4_0766,2
r2_0732,3
r3_0733,4
r4_0767,4
r4_0768,4
r1_0738,4
r1_0739,0
r2_0733,0
r0_0733,2
r0_0734,0
r2_0734,1
r1_0740,0
r4_0769,0
r2_0735,0
r0_0735,2
r3_0734,0
r2_0736,3
r4_0770,0
r3_0735,0
r1_0741,0
r1_0742,4
r0_0736,3
r5_0726,0
r4_0771,0
r1_0743,0
r5_0727,4
r0_0737,0
r4_0772,0
r3_0736,4
r0_0738,2
r5_0728,0
r1_0744,1
r0_0739,4
r3_0737,3
r0_0740,2
r3_0738,0
r3_0739,4
r4_0773,2
r3_0740,1
r3_0741,2
r3_0742,4
r0_0741,2
r5_0729,2
r2_0737,4
r2_0738,0
r5_0730,0
r0_0742,4
r0_0743,4
r5_0731,1
r1_0745,4
r1_0746,1
r2_0739,2
r2_0740,1
r1_0747,0
r5_0732,1
r3_0743,4
r0_0744,2
r0_0745,2
r3_0744,4
r1_0748,1
r0_0746,0
r0_0747,1
r5_0733,1
r2_0741,4
r2_0742,2
r1_0749,3
r0_0748,3
r2_0743,4
r4_0774,0
r3_0745,0
r2_0744,1
r3_0746,5
r0_0749,4
r1_0750,4
r4_0775,5
r1_0751,1
r1_0752,3
r4_0776,0
r3_0747,3
r3_0748,3
r5_0734,0
r4_0777,4
r5_0735,4
r0_0750,3
r3_0749,4
r3_0750,3
r1_0753,2
r0_0751,0
r3_0751,4
r0_0752,4
r5_0736,3
r2_0745,2
r3_0752,1
r1_0754,3
r1_0755,4
r2_0746,4
r4_0778,4
r5_0737,4
r1_0756,4
r5_0738,4
r1_0757,1
r1_0758,4
r2_0747,1
r3_0753,0
r2_0748,3
r1_0759,3
r3_0754,3
r3_0755,0
r2_0749,4
r0_0753,3
r5_0739,3
r5_0740,0
r4_0779,3
r1_0760,1
r5_0741,3
r0_0754,4
r5_0742,2
r3_0756,4
r4_0780,0
r3_0757,4
r3_0758,0
r2_0750,3
r5_0743,0
r2_0751,3
r2_0752,0
r4_0781,1
r3_0759,4
r3_0760,4
r0_0755,4
r5_0744,5
r0_0756,0
r0_0757,3
r2_0753,0
r0_0758,4
r1_0761,1
r0_0759,1
r3_0761,4
r4_0782,4
r4_0783,0
r4_0784,1
r2_0754,0
r4_0785,4
r3_0762,4
r0_0760,4
r1_0762,2
r0_0761,4
r3_0763,5
r2_0755,4
r2_0756,1
r1_0763,4
r3_0764,1
r0_0762,3
r0_0763,4
r3_0765,4
r3_0766,5
r3_0767,3
r1_0764,2
r1_0765,4
r3_0768,3
r5_0745,2
r2_0757,0
r4_0786,1
r2_0758,3
r4_0787,0
r3_0769,1
r3_0770,3
r1_0766,4
r4_0788,4
r2_0759,3
r0_0764,2
r0_0765,4
r3_0771,1
r1_0767,3
r4_0789,4
r0_0766,0
r0_0767,0
r3_0772,3
r5_0746,4
r3_0773,0
r3_0774,5
r2_0760,0
r2_0761,4
r0_0768,4
r4_0790,4
r1_0768,2
r4_0791,2
r2_0762,0
r5_0747,1
r4_0792,0
r0_0769,4
r4_0793,4
r1_0769,2
r5_0748,4
r4_0794,1
r2_0763,3
r1_0770,2
r0_0770,0
r0_0771,1
r0_0772,0
r5_0749,1
r2_0764,1
r1_0771,1
r3_0775,4
r4_0795,1
r1_0772,2
r1_0773,5
r2_0765,0
r1_0774,2
r1_0775,3
r0_0773,3
r1_0776,0
r1_0777,2
r5_0750,1
r2_0766,4
r3_0776,0
r5_0751,3
r2_0767,0
r1_0778,4
r1_0779,1
r2_0768,0
r1_0780,4
r5_0752,4
r4_0796,3
r1_0781,4
r0_0774,4
r0_0775,5
r2_0769,0
r3_0777,4
r4_0797,1
r4_0798,4
r3_0778,3
r1_0782,0
r5_0753,2
r1_0783,3
r5_0754,2
r1_0784,4
r5_0755,2
r3_0779,1
r3_0780,3
r3_0781,4
r2_0770,3
r5_0756,1
r3_0782,3
r0_0776,0
r3_0783,3
r2_0771,0
r4_0799,0
r2_0772,0
r3_0784,4
r2_0773,3
r0_0777,2
r3_0785,2
r5_0757,4
r4_0800,1
r5_0758,4
r1_0785,0
r5_0759,0
r5_0760,1
r1_0786,4
r5_0761,0
r5_0762,4
r1_0787,4
r0_0778,0
r0_0779,0
r4_0801,3
r3_0786,1
r3_0787,4
r5_0763,1
r0_0780,4
r5_0764,1
r2_0774,1
r2_0775,1
r0_0781,4
r0_0782,0
r4_0802,4
r1_0788,4
r0_0783,4
r5_0765,1
r4_0803,0
r0_0784,1
r1_0789,2
r4_0804,2
r0_0785,1
r0_0786,2
r1_0790,2
r0_0787,3
r1_0791,1
r0_0788,3
r3_0788,3
r5_0766,4
r5_0767,1
r0_0789,2
r1_0792,0
r2_0776,5
r5_0768,1
r3_0789,3
r0_0790,0
r2_0777,1
r1_0793,3
r1_0794,0
r1_0795,2
r5_0769,0
r1_0796,4
r2_0778,1
r5_0770,4
r2_0779,1
r0_0791,2
r1_0797,4
r2_0780,3
r5_0771,3
r5_0772,2
r4_0805,0
r5_0773,0
r2_0781,2
r2_0782,3
r1_0798,1
r0_0792,4
r1_0799,2
r0_0793,5
r3_0790,4
r3_0791,3
r2_0783,4
r4_0806,4
r4_0807,1
r2_0784,2
r3_0792,1
r4_0808,3
r5_0774,1
r1_0800,2
r1_0801,1
r5_0775,3
r2_0785,2
r5_0776,0
r5_0777,0
r5_0778,0
r3_0793,0
r2_0786,4
r0_0794,1
r2_0787,2
r4_0809,0
r0_0795,2
r2_0788,0
r5_0779,1
r4_0810,3
r5_0780,4
r5_0781,5
r2_0789,4
r4_0811,0
r0_0796,2
r4_0812,0
r3_0794,0
r3_0795,4
r1_0802,2
r0_0797,3
r0_0798,0
r3_0796,3
r4_0813,3
r2_0790,2
r2_0791,0
r5_0782,1
r2_0792,4
r5_0783,2
r3_0797,0
r0_0799,3
r2_0793,0
r4_0814,3
r0_0800,2
r1_0803,4
r3_0798,3
r5_0784,3
r0_0801,0
r4_0815,1
r1_0804,1
r4_0816,5
r3_0799,1
r3_0800,2
r4_0817,1
r1_0805,3
r2_0794,2
r2_0795,4
r5_0785,2
r4_0818,3
r0_0802,3
r3_0801,4
r5_0786,3
r3_0802,5
r3_0803,4
r0_0803,4
r4_0819,4
r3_0804,0
r4_0820,4
r1_0806,0
r5_0787,4
r3_0805,4
r2_0796,0
r2_0797,4
r5_0788,3
r4_0821,0
r5_0789,2
r5_0790,4
r1_0807,4
r4_0822,0
r1_0808,1
r5_0791,0
r1_0809,1
r1_0810,4
r0_0804,4
r4_0823,0
r2_0798,4
r5_0792,2
r0_0805,0
r4_0824,1
r5_0793,4
r1_0811,2
r2_0799,4
r4_0825,3
r5_0794,1
r4_0826,4
r2_0800,2
r2_0801,2
r0_0806,3
r1_0812,0
r2_0802,3
r1_0813,4
r2_0803,3
r0_0807,4
r5_0795,5
r4_0827,0
r3_0806,4
r0_0808,3
r5_0796,2
r2_0804,4
r0_0809,0
r3_0807,1
r1_0814,1
r4_0828,0
r2_0805,4
r0_0810,3
r3_0808,0
r0_0811,4
r1_0815,4
r5_0797,0
r3_0809,4
r0_0812,3
r5_0798,1
r4_0829,4
r5_0799,2
r0_0813,0
r5_0800,2
r2_0806,2
r3_0810,2
r1_0816,2
r5_0801,1
r2_0807,2
r2_0808,1
r3_0811,4
r2_0809,0
r2_0810,0
r2_0811,0
r4_0830,4
r3_0812,3
r2_0812,1
r0_0814,1
r0_0815,0
r4_0831,0
r3_0813,4
r2_0813,3
r4_0832,4
r5_0802,3
r2_0814,0
r1_0817,0
r2_0815,4
r4_0833,1
r2_0816,0
r0_0816,0
r0_0817,0
r5_0803,1
r4_0834,3
r1_0818,4
r5_0804,1
r0_0818,3
r2_0817,3
r4_0835,0
r2_0818,1
r1_0819,0
r2_0819,2
r5_0805,2
r3_0814,0
r1_0820,2
r3_0815,4
r5_0806,0
r0_0819,3
r2_0820,2
r1_0821,1
r5_0807,4
r3_0816,0
r3_0817,0
r0_0820,1
r0_0821,2
r5_0808,4
r4_0836,4
r1_0822,3
r4_0837,4
r0_0822,3
r2_0821,0
r5_0809,3
r2_0822,3
r1_0823,0
r5_0810,0
r0_0823,4
r1_0824,4
r2_0823,4
r5_0811,4
r5_0812,0
r3_0818,3
r4_0838,0
r4_0839,4
r1_0825,2
r2_0824,2
r4_0840,0
r5_0813,4
r4_0841,2
r4_0842,0
r4_0843,0
r5_0814,3
r4_0844,4
r4_0845,4
r0_0824,2
r1_0826,4
r1_0827,4
r0_0825,4
r5_0815,0
r1_0828,0
r5_0816,4
r2_0825,0
r5_0817,5
r1_0829,2
r0_0826,0
r0_0827,3
r5_0818,1
r2_0826,0
r1_0830,1
r1_0831,2
r5_0819,4
r4_0846,0
r4_0847,4
r4_0848,1
r2_0827,0
r0_0828,2
r3_0819,1
r0_0829,4
r4_0849,4
r3_0820,3
r5_0820,3
r3_0821,2
r3_0822,4
r3_0823,2
r5_0821,3
r2_0828,0
r2_0829,0
r0_0830,2
r2_0830,0
r1_0832,5
r0_0831,3
r2_0831,3
r3_0824,1
r3_0825,2
r5_0822,1
r5_0823,4
r1_0833,4
r1_0834,1
r2_0832,2
r4_0850,1
r3_0826,3
r4_0851,0
r0_0832,0
r2_0833,4
r5_0824,3
r2_0834,2
r5_0825,0
r2_0835,4
r4_0852,4
r1_0835,2
r5_0826,2
r3_0827,1
r3_0828,0
r3_0829,4
r2_0836,3
r1_0836,1
r2_0837,0
r3_0830,1
r3_0831,1
r3_0832,3
r1_0837,3
r3_0833,2
r1_0838,0
r5_0827,1
r3_0834,5
r1_0839,2
r1_0840,4
r4_0853,2
r1_0841,4
r5_0828,1
r5_0829,4
r5_0830,4
r3_0835,3
r2_0838,3
r0_0833,4
r3_0836,1
r4_0854,3
r2_0839,4
r2_0840,4
r2_0841,2
r4_0855,3
r1_0842,4
r4_0856,3
r0_0834,4
r2_0842,0
r2_0843,3
r3_0837,1
r0_0835,1
r4_0857,2
r5_0831,1
r2_0844,5
r5_0832,1
r4_0858,4
r4_0859,0
r4_0860,4
r0_0836,3
r3_0838,3
r2_0845,4
r5_0833,4
r4_0861,1
r0_0837,0
r4_0862,1
r5_0834,0
r3_0839,2
r4_0863,2
r3_0840,0
r0_0838,0
r3_0841,4
r5_0835,4
r5_0836,1
r1_0843,4
r5_0837,0
r4_0864,4
r2_0846,4
r3_0842,3
r2_0847,1
r1_0844,4
r5_0838,3
r1_0845,2
r4_0865,1
r0_0839,0
r5_0839,5
r3_0843,0
r3_0844,4
r5_0840,3
r0_0840,2
r0_0841,1
r1_0846,0
r0_0842,0
r4_0866,2
r2_0848,2
r0_0843,1
r5_0841,0
r5_0842,0
r2_0849,5
r0_0844,0
r4_0867,1
r2_0850,3
r5_0843,4
r1_0847,2
r2_0851,1
r5_0844,1
r4_0868,1
r5_0845,0
r3_0845,0
r0_0845,4
r3_0846,1
r3_0847,0
r1_0848,4
r0_0846,4
r1_0849,3
r4_0869,3
r1_0850,0
r2_0852,3
r0_0847,4
r4_0870,1
r5_0846,0
r2_0853,1
r2_0854,3
r5_0847,3
r2_0855,2
r0_0848,1
r5_0848,0
r1_0851,0
r5_0849,4
r0_0849,4
r2_0856,4
r4_0871,1
r4_0872,0
r1_0852,4
r0_0850,4
r0_0851,2
r2_0857,0
r0_0852,4
r4_0873,1
r1_0853,2
r1_0854,2
r1_0855,5
r5_0850,4
r5_0851,4
r2_0858,4
r3_0848,2
r5_0852,1
r5_0853,2
r0_0853,2
r5_0854,1
r0_0854,1
r2_0859,0
r4_0874,4
r0_0855,4
r0_0856,2
r2_0860,2
r3_0849,3
r1_0856,5
r3_0850,4
r3_0851,2
r3_0852,3
r1_0857,1
r3_0853,5
r4_0875,0
r5_0855,2
r3_0854,2
r4_0876,0
r0_0857,2
r2_0861,3
r2_0862,0
r3_0855,1
r4_0877,0
r3_0856,0
r5_0856,2
r3_0857,4
r0_0858,2
r0_0859,4
r2_0863,2
r4_0878,1
r1_0858,5
r0_0860,4
r4_0879,4
r1_0859,3
r5_0857,0
r5_0858,2
r5_0859,4
r4_0880,2
r3_0858,4
r5_0860,1
r2_0864,1
r4_0881,3
r2_0865,4
r3_0859,0
r5_0861,1
r0_0861,3
r2_0866,5
r5_0862,4
r2_0867,0
r4_0882,2
r4_0883,4
r1_0860,0
r0_0862,1
r1_0861,4
r5_0863,1
r3_0860,1
r0_0863,4
r4_0884,3
r4_0885,1
r0_0864,3
r2_0868,3
r1_0862,1
r0_0865,3
r3_0861,0
r2_0869,1
r3_0862,3
r4_0886,4
r1_0863,3
r0_0866,4
r0_0867,5
r2_0870,2
r0_0868,0
r1_0864,0
r1_0865,2
r1_0866,2
r1_0867,2
r3_0863,3
r1_0868,0
r5_0864,3
r3_0864,2
r3_0865,4
r1_0869,5
r0_0869,2
r1_0870,0
r4_0887,3
r4_0888,0
r1_0871,3
r3_0866,4
r2_0871,1
r0_0870,1
r1_0872,3
r4_0889,2
r1_0873,4
r2_0872,4
r4_0890,3
r5_0865,3
r2_0873,2
r3_0867,4
r3_0868,1
r4_0891,4
r0_0871,5
r0_0872,0
r3_0869,4
r3_0870,0
r4_0892,0
r4_0893,2
r1_0874,2
r4_0894,1
r3_0871,4
r0_0873,5
r0_0874,4
r2_0874,2
r3_0872,4
r1_0875,2
r5_0866,0
r2_0875,1
r1_0876,5
r5_0867,2
r2_0876,4
r1_0877,0
r1_0878,2
r0_0875,0
r0_0876,4
r3_0873,3
r0_0877,3
r4_0895,2
r4_0896,0
r4_0897,3
r3_0874,2
r2_0877,3
r4_0898,4
r1_0879,0
r2_0878,3
r3_0875,5
r0_0878,3
r4_0899,2
r2_0879,4
r4_0900,2
r1_0880,2
r2_0880,3
r2_0881,1
r5_0868,2
r5_0869,2
r0_0879,4
r0_0880,4
r5_0870,4
r5_0871,4
r3_0876,4
r4_0901,2
r3_0877,4
r3_0878,3
r2_0882,3
r3_0879,1
r3_0880,2
r5_0872,2
r2_0883,1
r4_0902,4
r0_0881,3
r3_0881,4
r3_0882,0
r2_0884,0
r3_0883,4
r1_0881,3
r3_0884,2
r5_0873,0
r4_0903,4
r5_0874,4
r2_0885,5
r1_0882,3
r2_0886,0
r5_0875,1
r5_0876,2
r4_0904,4
r3_0885,2
r2_0887,0
r3_0886,1
r2_0888,2
r3_0887,5
r1_0883,5
r0_0882,0
r3_0888,2
r5_0877,1
r2_0889,1
r3_0889,2
r5_0878,2
r4_0905,5
r5_0879,2
r5_0880,1
r1_0884,0
r5_0881,1
r3_0890,3
r0_0883,1
r2_0890,2
r5_0882,1
r4_0906,4
r2_0891,4
r0_0884,4
r5_0883,0
r4_0907,5
r2_0892,2
r5_0884,0
r5_0885,0
r0_0885,0
r4_0908,1
r5_0886,0
r3_0891,4
r5_0887,0
r0_0886,4
r0_0887,4
r4_0909,2
r4_0910,2
r4_0911,4
r5_0888,0
r4_0912,1
r3_0892,1
r1_0885,1
r0_0888,1
r2_0893,4
r4_0913,5
r1_0886,5
r0_0889,4
r3_0893,2
r1_0887,4
r3_0894,1
r1_0888,4
r1_0889,0
r3_0895,3
r3_0896,3
r5_0889,2
r0_0890,1
r5_0890,2
r1_0890,4
r1_0891,0
r1_0892,4
r3_0897,2
r5_0891,0
r2_0894,3
r3_0898,4
r2_0895,4
r4_0914,4
r0_0891,1
r1_0893,3
r4_0915,2
r1_0894,2
r2_0896,4
r2_0897,3
r4_0916,4
r0_0892,4
r1_0895,1
r0_0893,3
r1_0896,4
r3_0899,4
r4_0917,0
r1_0897,2
r3_0900,2
r3_0901,4
r0_0894,3
r2_0898,1
r2_0899,0
r2_0900,5
r4_0918,4
r2_0901,0
r0_0895,3
r1_0898,3
r0_0896,1
r4_0919,4
r0_0897,0
r1_0899,1
r1_0900,0
r0_0898,0
r4_0920,1
r0_0899,5
r0_0900,0
r5_0892,4
r5_0893,0
r4_0921,5
r1_0901,4
r3_0902,4
r4_0922,4
r1_0902,1
r2_0902,2
r2_0903,1
r5_0894,2
r0_0901,0
r5_0895,3
r3_0903,4
r4_0923,4
r5_0896,3
r5_0897,2
r3_0904,5
r2_0904,4
r2_0905,0
r2_0906,4
r1_0903,2
r5_0898,1
r0_0902,0
r0_0903,4
r3_0905,4
r1_0904,0
r5_0899,4
r3_0906,1
r5_0900,4
r0_0904,0
r2_0907,4
r4_0924,0
r1_0905,0
r1_0906,3
r0_0905,1
r4_0925,0
r5_0901,3
r5_0902,3
r3_0907,2
r2_0908,4
r3_0908,4
r5_0903,1
r3_0909,0
r3_0910,4
r0_0906,0
r0_0907,2
r2_0909,1
r1_0907,4
r2_0910,1
r2_0911,1
r5_0904,4
r1_0908,0
r2_0912,0
r3_0911,5
r4_0926,0
r1_0909,2
r4_0927,1
r3_0912,4
r1_0910,2
r1_0911,4
r0_0908,0
r2_0913,3
r4_0928,2
r5_0905,2
r3_0913,2
r5_0906,0
r5_0907,4
r3_0914,4
r3_0915,3
r1_0912,2
r1_0913,3
r2_0914,4
r4_0929,4
r4_0930,2
r0_0909,5
r0_0910,4
r4_0931,1
r1_0914,3
r1_0915,4
r1_0916,0
r1_0917,5
r4_0932,0
r4_0933,2
r2_0915,4
r0_0911,1
r4_0934,4
r3_0916,0
r5_0908,3
r2_0916,2
r1_0918,0
r1_0919,2
r1_0920,0
r2_0917,0
r2_0918,4
r0_0912,3
r5_0909,1
r4_0935,3
r2_0919,4
r1_0921,1
r3_0917,1
r1_0922,0
r5_0910,4
r2_0920,0
r0_0913,3
r4_0936,3
r1_0923,0
r3_0918,4
r4_0937,4
r0_0914,0
r3_0919,1
r4_0938,2
r5_0911,5
r5_0912,4
r5_0913,4
r3_0920,1
r3_0921,3
r0_0915,2
r0_0916,4
r3_0922,0
r0_0917,4
r4_0939,0
r5_0914,2
r4_0940,0
r5_0915,2
r0_0918,4
r4_0941,0
r3_0923,2
r1_0924,0
r3_0924,2
r1_0925,0
r3_0925,4
r2_0921,0
r2_0922,4
r5_0916,2
r5_0917,4
r5_0918,5
r3_0926,0
r4_0942,2
r5_0919,1
r2_0923,1
r3_0927,0
r2_0924,0
r5_0920,2
r2_0925,0
r1_0926,2
r3_0928,0
r3_0929,4
r2_0926,5
r4_0943,4
r3_0930,4
r0_0919,3
r4_0944,4
r2_0927,4
r2_0928,2
r4_0945,4
r5_0921,3
r5_0922,4
r0_0920,4
r4_0946,0
r3_0931,4
r2_0929,3
r5_0923,4
r2_0930,4
r0_0921,0
r4_0947,5
r0_0922,2
r2_0931,2
r1_0927,3
r0_0923,2
r3_0932,2
r1_0928,1
r0_0924,4
r0_0925,0
r3_0933,3
r1_0929,3
r1_0930,0
r1_0931,0
r5_0924,0
r0_0926,2
r0_0927,4
r2_0932,0
r1_0932,5
r2_0933,0
r1_0933,3
r3_0934,4
r4_0948,1
r4_0949,1
r2_0934,0
r4_0950,4
r1_0934,1
r3_0935,0
r2_0935,0
r3_0936,2
r2_0936,4
r3_0937,1
r0_0928,0
r0_0929,4
r1_0935,5
r1_0936,0
r1_0937,3
r4_0951,1
r4_0952,1
r0_0930,2
r5_0925,0
r1_0938,0
r3_0938,2
r0_0931,0
r4_0953,1
r3_0939,4
r4_0954,3
r1_0939,0
r0_0932,1
r3_0940,0
r2_0937,0
r1_0940,2
r0_0933,3
r3_0941,4
r0_0934,1
r0_0935,1
r2_0938,3
r2_0939,1
r0_0936,0
r1_0941,0
r1_0942,0
r5_0926,4
r4_0955,1
r3_0942,4
r5_0927,0
r1_0943,3
r5_0928,2
r5_0929,4
r0_0937,0
r1_0944,4
r0_0938,2
r2_0940,0
r4_0956,0
r5_0930,0
r5_0931,3
r0_0939,0
r1_0945,4
r1_0946,0
r5_0932,2
r3_0943,2
r3_0944,4
r0_0940,4
r5_0933,4
r4_0957,5
r0_0941,0
r5_0934,4
r2_0941,3
r5_0935,2
r3_0945,3
r5_0936,4
r1_0947,0
r1_0948,1
r4_0958,3
r1_0949,0
r4_0959,4
r1_0950,1
r0_0942,1
r1_0951,4
r3_0946,0
r5_0937,1
r1_0952,1
r0_0943,4
r5_0938,0
r0_0944,3
r2_0942,0
r2_0943,3
r2_0944,1
r0_0945,2
r0_0946,5
r4_0960,0
r4_0961,1
r3_0947,2
r3_0948,4
r4_0962,4
r5_0939,5
r0_0947,0
r5_0940,2
r4_0963,2
r0_0948,3
r5_0941,4
r3_0949,4
r4_0964,4
r4_0965,4
r3_0950,3
r4_0966,2
r5_0942,1
r3_0951,1
r2_0945,4
r4_0967,3
r2_0946,1
r2_0947,0
r3_0952,3
r5_0943,2
r1_0953,0
r2_0948,2
r2_0949,0
r5_0944,4
r0_0949,3
r2_0950,5
r2_0951,5
r5_0945,0
r5_0946,3
r0_0950,0
r5_0947,4
r0_0951,1
r2_0952,4
r0_0952,3
r4_0968,3
r0_0953,3
r2_0953,5
r2_0954,0
r4_0969,4
r0_0954,0
r3_0953,1
r3_0954,4
r1_0954,2
r5_0948,1
r2_0955,4
r1_0955,2
r4_0970,4
r0_0955,0
r0_0956,4
r4_0971,4
r3_0955,0
r1_0956,1
r0_0957,3
r3_0956,2
r0_0958,0
r3_0957,4
r3_0958,2
r1_0957,2
r3_0959,2
r1_0958,4
r3_0960,4
r2_0956,0
r4_0972,1
r3_0961,3
r3_0962,4
r1_0959,0
r2_0957,4
r5_0949,2
r0_0959,1
r1_0960,4
r1_0961,2
r0_0960,4
r0_0961,0
r1_0962,0
r1_0963,2
r1_0964,1
r5_0950,4
r4_0973,3
r1_0965,2
r5_0951,4
r2_0958,1
r5_0952,0
r5_0953,5
r1_0966,1
r2_0959,4
r5_0954,4
r3_0963,2
r4_0974,2
r0_0962,0
r5_0955,1
r1_0967,4
r3_0964,1
r3_0965,2
r3_0966,1
r3_0967,3
r5_0956,1
r3_0968,4
r1_0968,1
r3_0969,1
r0_0963,1
r4_0975,3
r2_0960,1
r5_0957,3
r1_0969,5
r4_0976,2
r5_0958,2
r0_0964,4
r5_0959,1
r3_0970,1
r4_0977,4
r5_0960,3
r5_0961,0
r2_0961,3
r0_0965,3
r1_0970,4
r3_0971,4
r0_0966,3
r3_0972,0
r1_0971,3
r3_0973,0
r2_0962,0
r0_0967,4
r2_0963,4
r1_0972,1
r1_0973,1
r4_0978,3
r2_0964,5
r4_0979,1
r1_0974,1
r4_0980,2
r4_0981,5
r3_0974,5
r4_0982,4
r5_0962,2
r4_0983,1
r4_0984,1
r1_0975,4
r4_0985,3
r3_0975,3
r0_0968,2
r3_0976,4
r5_0963,3
r0_0969,4
r2_0965,5
r0_0970,4
r5_0964,2
r2_0966,3
r2_0967,4
r1_0976,3
r3_0977,4
r4_0986,3
r0_0971,1
r4_0987,2
r4_0988,3
r5_0965,4
r2_0968,2
r4_0989,4
r0_0972,3
r2_0969,3
r3_0978,0
r4_0990,3
r2_0970,1
r5_0966,0
r0_0973,1
r5_0967,0
r2_0971,2
r3_0979,1
r0_0974,0
r0_0975,4
r5_0968,0
r1_0977,0
r2_0972,4
r5_0969,4
r2_0973,4
r4_0991,4
r0_0976,2
r1_0978,0
r5_0970,0
r1_0979,5
r3_0980,2
r3_0981,4
r0_0977,4
r1_0980,0
r0_0978,2
r4_0992,1
r3_0982,1
r2_0974,1
r3_0983,0
r4_0993,4
r4_0994,2
r4_0995,3
r3_0984,1
r3_0985,2
r0_0979,4
r3_0986,2
r0_0980,2
r5_0971,3
r3_0987,3
r2_0975,1
r0_0981,2
r1_0981,0
r3_0988,1
r3_0989,2
r4_0996,1
r2_0976,4
r0_0982,3
r5_0972,0
r1_0982,0
r1_0983,5
r0_0983,0
r0_0984,2
r1_0984,3
r5_0973,0
r3_0990,2
r1_0985,3
r1_0986,0
r3_0991,2
r2_0977,1
r1_0987,2
r2_0978,1
r2_0979,0
r3_0992,4
r0_0985,0
r1_0988,2
r1_0989,5
r4_0997,0
r1_0990,4
r0_0986,0
r4_0998,3
r1_0991,5
r4_0999,3
r3_0993,2
r5_0974,1
r0_0987,0
r1_0992,4
r1_0993,2
r0_0988,0
r4_1000,1
r5_0975,2
r5_0976,4
r2_0980,3
r0_0989,3
r5_0977,0
r5_0978,2
r0_0990,3
r4_1001,1
r4_1002,4
r1_0994,2
r0_0991,4
r0_0992,1
r2_0981,0
r3_0994,0
r4_1003,2
r5_0979,3
r1_0995,2
r1_0996,1
r0_0993,5
r5_0980,2
r3_0995,4
r4_1004,1
r0_0994,2
r5_0981,4
r4_1005,5
r3_0996,3
r3_0997,3
r3_0998,4
r1_0997,2
r3_0999,2
r2_0982,4
r3_1000,4
r3_1001,1
r1_0998,1
r0_0995,3
r1_0999,2
r5_0982,4
r2_0983,4
r1_1000,4
r0_0996,0
r2_0984,2
r0_0997,4
r1_1001,2
r3_1002,4
r0_0998,2
r0_0999,2
r5_0983,0
r2_0985,4
r3_1003,4
r4_1006,0
r2_0986,0
r0_1000,3
r4_1007,4
r3_1004,3
r0_1001,1
r3_1005,0
r3_1006,3
r3_1007,2
r4_1008,3
r3_1008,4
r1_1002,1
r5_0984,2
r5_0985,1
r1_1003,1
r3_1009,3
r3_1010,0
r3_1011,1
r0_1002,0
r5_0986,2
r3_1012,5
r4_1009,4
r0_1003,3
r5_0987,2
r1_1004,2
r2_0987,1
r5_0988,2
r1_1005,4
r5_0989,4
r5_0990,2
r3_1013,2
r1_1006,1
r2_0988,1
r1_1007,4
r5_0991,3
r4_1010,0
r1_1008,3
r0_1004,0
r1_1009,3
r1_1010,5
r4_1011,0
r1_1011,2
r5_0992,5
r1_1012,4
r4_1012,3
r4_1013,4
r1_1013,2
r0_1005,4
r1_1014,4
r0_1006,4
r4_1014,0
r1_1015,4
r4_1015,3
r1_1016,0
r5_0993,4
r1_1017,4
r1_1018,1
r4_1016,1
r2_0989,1
r1_1019,3
r2_0990,2
r4_1017,2
r4_1018,3
r1_1020,2
r0_1007,3
r2_0991,0
r3_1014,3
r2_0992,0
r1_1021,2
r4_1019,0
r5_0994,1
r1_1022,2
r3_1015,2
r0_1008,3
r2_0993,2
r3_1016,0
r0_1009,2
r3_1017,5
r1_1023,5
r2_0994,0
r5_0995,0
r2_0995,3
r2_0996,4
r4_1020,0
r5_0996,0
r3_1018,3
r2_0997,0
r3_1019,3
r4_1021,4
r3_1020,2
r4_1022,0
r2_0998,1
r3_1021,4
r2_0999,3
r4_1023,4
r4_1024,2
r3_1022,4
r1_1024,4
r2_1000,3
r4_1025,2
r5_0997,2
r0_1010,4
r0_1011,1
r3_1023,0
r2_1001,0
r2_1002,4
r5_0998,4
r1_1025,4
r4_1026,1
r2_1003,2
r2_1004,4
r2_1005,1
r4_1027,0
r2_1006,1
r5_0999,4
r0_1012,0
r2_1007,2
r3_1024,4
r4_1028,1
r3_1025,2
r5_1000,0
r1_1026,2
r5_1001,1
r0_1013,0
r1_1027,4
r4_1029,2
r3_1026,0
r2_1008,1
r5_1002,4
r0_1014,3
r4_1030,2
r0_1015,0
r5_1003,4
r2_1009,4
r2_1010,2
r1_1028,0
r0_1016,1
r1_1029,3
r3_1027,2
r1_1030,1
r5_1004,1
r3_1028,3
r3_1029,2
r1_1031,5
r1_1032,4
r0_1017,4
r0_1018,5
r0_1019,0
r5_1005,2
r2_1011,4
r1_1033,3
r1_1034,0
r4_1031,3
r5_1006,0
r4_1032,0
r4_1033,3
r5_1007,1
r1_1035,1
r1_1036,2
r3_1030,1
r3_1031,3
r5_1008,4
r3_1032,3
r0_1020,4
r1_1037,0
r0_1021,2
r2_1012,4
r0_1022,0
r1_1038,1
r2_1013,4
r5_1009,3
r3_1033,2
r0_1023,4
r5_1010,2
r1_1039,5
r3_1034,3
r1_1040,4
r4_1034,4
r2_1014,3
r2_1015,3
r0_1024,4
r1_1041,1
r3_1035,4
r5_1011,4
r2_1016,2
r1_1042,1
r0_1025,0
r0_1026,2
r1_1043,4
r2_1017,0
r2_1018,5
r0_1027,1
r4_1035,5
r0_1028,2
r0_1029,3
r2_1019,4
r1_1044,3
r2_1020,1
r3_1036,1
r1_1045,4
r0_1030,4
r3_1037,0
r3_1038,4
r0_1031,0
r5_1012,5
r1_1046,2
r2_1021,4
r2_1022,1
r2_1023,4
r0_1032,0
r4_1036,2
r4_1037,4
r5_1013,3
r3_1039,4
r5_1014,0
r4_1038,3
r2_1024,4
r4_1039,0
r4_1040,0
r3_1040,4
r3_1041,3
r4_1041,2
r5_1015,1
r3_1042,1
r0_1033,5
r2_1025,1
r3_1043,4
r3_1044,3
r4_1042,0
r3_1045,1
r3_1046,0
r3_1047,1
r2_1026,0
r3_1048,2
r1_1047,2
r2_1027,1
r1_1048,0
r5_1016,3
r0_1034,4
r2_1028,4
r4_1043,2
r5_1017,2
r1_1049,4
r2_1029,5
r5_1018,0
r2_1030,4
r5_1019,5
r4_1044,4
r5_1020,1
r5_1021,2
r1_1050,4
r4_1045,1
r5_1022,4
r5_1023,4
r2_1031,0
r2_1032,2
r0_1035,3
r2_1033,2
r3_1049,4
r4_1046,4
r3_1050,2
r0_1036,0
r3_1051,3
r2_1034,0
r4_1047,4
r4_1048,5
r3_1052,4
r1_1051,4
r3_1053,4
r4_1049,1
r0_1037,4
r3_1054,1
r0_1038,3
r2_1035,5
r3_1055,2
r3_1056,5
r1_1052,0
r3_1057,5
r1_1053,4
r0_1039,1
r0_1040,4
r0_1041,2
r0_1042,4
r1_1054,1
r4_1050,0
r0_1043,3
r0_1044,1
r5_1024,4
r4_1051,4
r1_1055,5
r3_1058,0
r2_1036,5
r2_1037,3
r3_1059,0
r4_1052,4
r5_1025,3
r0_1045,0
r0_1046,2
r4_1053,0
r5_1026,0
r2_1038,0
r5_1027,5
r1_1056,0
r5_1028,3
r3_1060,4
r5_1029,0
r4_1054,2
r0_1047,4
r3_1061,0
r3_1062,4
r2_1039,5
r1_1057,2
r4_1055,4
r5_1030,4
r1_1058,2
r5_1031,5
r2_1040,0
r5_1032,4
r0_1048,2
r5_1033,0
r0_1049,0
r3_1063,0
r0_1050,4
r4_1056,1
r1_1059,2
r3_1064,0
r4_1057,1
r5_1034,0
r4_1058,2
r5_1035,2
r3_1065,2
r1_1060,4
r1_1061,2
r1_1062,0
r2_1041,1
r3_1066,2
r1_1063,0
r3_1067,5
r3_1068,1
r3_1069,2
r4_1059,0
r0_1051,0
r1_1064,2
r2_1042,4
r1_1065,4
r2_1043,3
r2_1044,0
r2_1045,0
r4_1060,0
r5_1036,1
r5_1037,0
r4_1061,0
r3_1070,1
r5_1038,3
r1_1066,4
r3_1071,4
r3_1072,2
r5_1039,0
r4_1062,1
r1_1067,2
r4_1063,5
r3_1073,3
r2_1046,2
r0_1052,3
r1_1068,2
r0_1053,3
r5_1040,0
r0_1054,0
r4_1064,1
r3_1074,2
r2_1047,4
r4_1065,4
r4_1066,2
r0_1055,1
r4_1067,1
r4_1068,4
r1_1069,2
r2_1048,5
r5_1041,5
r5_1042,1
r5_1043,0
r0_1056,4
r0_1057,1
r2_1049,4
r5_1044,0
r1_1070,2
r2_1050,1
r1_1071,2
r4_1069,4
r5_1045,5
r5_1046,4
r0_1058,0
r2_1051,0
r4_1070,4
r4_1071,4
r3_1075,0
r4_1072,4
r3_1076,2
r1_1072,1
r1_1073,4
r1_1074,1
r4_1073,1
r1_1075,0
r3_1077,1
r3_1078,3
r3_1079,1
r3_1080,0
r2_1052,1
r0_1059,0
r0_1060,4
r2_1053,0
r1_1076,1
r2_1054,4
r0_1061,2
r0_1062,3
r3_1081,5
r5_1047,4
r5_1048,0
r5_1049,5
r5_1050,1
r2_1055,3
r1_1077,1
r4_1074,1
r4_1075,3
r5_1051,2
r2_1056,3
r2_1057,1
r4_1076,1
r0_1063,4
r3_1082,0
r0_1064,2
r3_1083,4
r1_1078,2
r2_1058,1
r1_1079,2
r4_1077,1
r3_1084,0
r5_1052,5
r4_1078,1
r1_1080,3
r3_1085,0
r4_1079,1
r2_1059,0
r2_1060,0
r2_1061,2
r0_1065,0
r1_1081,3
r2_1062,2
r2_1063,0
r5_1053,2
r0_1066,4
r0_1067,4
r5_1054,0
r3_1086,0
r3_1087,5
r5_1055,2
r1_1082,3
r4_1080,1
r2_1064,0
r0_1068,0
r4_1081,1
r0_1069,4
r2_1065,3
r4_1082,0
r4_1083,1
r3_1088,3
r1_1083,4
r2_1066,5
r0_1070,0
r5_1056,4
r2_1067,0
r2_1068,2
r0_1071,0
r2_1069,4
r3_1089,2
r0_1072,4
r5_1057,0
r5_1058,4
r1_1084,0
r5_1059,4
r0_1073,2
r3_1090,4
r0_1074,3
r0_1075,4
r2_1070,3
r2_1071,0
r2_1072,3
r1_1085,4
r1_1086,2
r3_1091,3
r0_1076,4
r2_1073,3
r0_1077,4
r4_1084,3
r3_1092,5
r2_1074,1
r4_1085,0
r4_1086,5
r0_1078,0
r1_1087,4
r5_1060,1
r2_1075,3
r0_1079,0
r4_1087,0
r3_1093,4
r5_1061,0
r4_1088,0
r0_1080,4
r0_1081,5
r4_1089,3
r4_1090,5
r5_1062,0
r1_1088,1
r5_1063,0
r5_1064,2
r2_1076,1
r5_1065,1
r3_1094,3
r2_1077,2
r1_1089,2
r3_1095,3
r5_1066,2
r1_1090,1
r0_1082,2
r4_1091,0
r1_1091,5
r1_1092,4
r3_1096,4
r5_1067,2
r3_1097,0
r3_1098,0
r2_1078,0
r0_1083,3
r5_1068,4
r5_1069,4
r0_1084,1
r1_1093,0
r4_1092,4
r2_1079,0
r1_1094,0
r4_1093,0
r2_1080,1
r5_1070,1
r0_1085,0
r1_1095,2
r5_1071,3
r2_1081,0
r0_1086,4
r3_1099,3
r1_1096,4
r3_1100,5
r2_1082,1
r1_1097,2
r3_1101,2
r0_1087,4
r4_1094,1
r0_1088,2
r2_1083,4
r5_1072,3
r5_1073,0
r0_1089,2
r2_1084,3
r0_1090,4
r1_1098,2
r3_1102,4
r0_1091,4
r0_1092,0
r0_1093,2
r3_1103,2
r5_1074,1
r1_1099,4
r0_1094,4
r2_1085,1
r0_1095,3
r1_1100,0
r3_1104,4
r4_1095,3
r2_1086,0
r4_1096,1
r5_1075,0
r3_1105,0
r1_1101,2
r1_1102,0
r4_1097,4
r3_1106,1
r1_1103,5
r4_1098,4
r0_1096,5
r4_1099,1
r3_1107,4
r3_1108,4
r1_1104,1
r5_1076,1
r4_1100,3
r4_1101,4
r4_1102,4
r1_1105,0
r3_1109,3
r0_1097,0
r0_1098,2
r0_1099,2
r2_1087,2
r4_1103,4
r4_1104,1
r5_1077,1
r4_1105,1
r3_1110,4
r1_1106,0
r2_1088,3
r0_1100,0
r3_1111,1
r2_1089,4
r2_1090,1
r2_1091,1
r1_1107,1
r1_1108,3
r2_1092,1
r4_1106,2
r5_1078,4
r0_1101,3
r1_1109,2
r4_1107,4
r2_1093,1
r1_1110,4
r4_1108,1
r1_1111,4
r3_1112,5
r0_1102,4
r2_1094,3
r4_1109,0
r5_1079,4
r4_1110,3
r5_1080,1
r4_1111,2
r3_1113,4
r1_1112,3
r5_1081,4
r4_1112,1
r2_1095,0
r0_1103,4
r0_1104,0
r2_1096,1
r5_1082,4
r1_1113,4
r3_1114,4
r1_1114,0
r3_1115,0
r0_1105,0
r3_1116,3
r3_1117,4
r0_1106,2
r2_1097,2
r5_1083,4
r5_1084,1
r0_1107,4
r5_1085,1
r3_1118,1
r2_1098,0
r2_1099,1
r2_1100,3
r1_1115,3
r4_1113,5
r0_1108,2
r5_1086,4
r1_1116,4
r1_1117,0
r0_1109,3
r4_1114,0
r5_1087,2
r2_1101,3
r5_1088,1
r3_1119,0
r2_1102,2
r3_1120,0
r5_1089,0
r2_1103,4
r4_1115,2
r5_1090,3
r5_1091,3
r0_1110,0
r2_1104,1
r2_1105,3
r2_1106,2
r3_1121,0
r1_1118,0
r3_1122,1
r1_1119,2
r1_1120,0
r2_1107,0
r5_1092,4
r1_1121,4
r5_1093,3
r5_1094,5
r5_1095,1
r5_1096,0
r4_1116,0
r4_1117,5
r3_1123,3
r5_1097,2
r4_1118,4
r0_1111,1
r2_1108,1
r4_1119,2
r0_1112,0
r1_1122,2
r2_1109,2
r2_1110,0
r1_1123,3
r4_1120,3
r5_1098,4
r0_1113,3
r3_1124,4
r2_1111,1
r3_1125,0
r5_1099,0
r0_1114,0
r3_1126,0
r4_1121,1
r5_1100,5
r2_1112,1
r2_1113,3
r0_1115,4
r0_1116,5
r3_1127,0
r3_1128,4
r0_1117,1
r2_1114,2
r5_1101,2
r0_1118,2
r4_1122,0
r5_1102,5
r5_1103,1
r2_1115,3
r1_1124,3
r1_1125,1
r2_1116,3
r1_1126,2
r3_1129,4
r3_1130,4
r5_1104,2
r0_1119,2
r5_1105,0
r5_1106,2
r4_1123,0
r3_1131,4
r3_1132,5
r2_1117,4
r3_1133,4
r4_1124,1
r4_1125,1
r0_1120,2
r3_1134,0
r3_1135,1
r2_1118,1
r4_1126,0
r1_1127,5
r2_1119,3
r4_1127,2
r4_1128,4
r5_1107,3
r3_1136,4
r2_1120,0
r3_1137,0
r0_1121,0
r4_1129,3
r0_1122,4
r5_1108,1
r0_1123,0
r3_1138,3
r2_1121,3
r3_1139,3
r2_1122,4
r5_1109,1
r1_1128,1
r2_1123,0
r4_1130,0
r4_1131,1
r0_1124,4
r1_1129,2
r3_1140,4
r1_1130,0
r3_1141,3
r5_1110,1
r4_1132,0
r5_1111,0
r0_1125,4
r3_1142,4
r3_1143,0
r4_1133,5
r1_1131,0
r5_1112,0
r0_1126,4
r1_1132,0
r1_1133,5
r4_1134,0
r3_1144,4
r5_1113,2
r3_1145,0
r2_1124,3
r2_1125,2
r2_1126,2
r5_1114,4
r1_1134,2
r2_1127,1
r0_1127,1
r0_1128,0
r5_1115,4
r0_1129,4
r5_1116,1
r4_1135,4
r3_1146,0
r2_1128,5
r4_1136,1
r5_1117,4
r1_1135,4
r1_1136,3
r1_1137,2
r2_1129,4
r0_1130,4
r3_1147,2
r2_1130,1
r5_1118,4
r3_1148,4
r5_1119,1
r0_1131,2
r4_1137,1
r5_1120,5
r0_1132,2
r1_1138,1
r0_1133,4
r1_1139,3
r4_1138,0
r2_1131,2
r0_1134,1
r0_1135,0
r3_1149,5
r5_1121,4
r1_1140,4
r2_1132,1
r5_1122,3
r5_1123,3
r5_1124,1
r4_1139,4
r4_1140,0
r2_1133,4
r1_1141,0
r4_1141,5
r0_1136,4
r5_1125,0
r0_1137,3
r5_1126,5
r5_1127,4
r0_1138,3
r5_1128,4
r0_1139,3
r4_1142,0
r3_1150,0
r5_1129,4
r2_1134,1
r3_1151,3
r4_1143,0
r0_1140,0
r5_1130,1
r3_1152,0
r1_1142,1
r5_1131,4
r0_1141,4
r2_1135,3
r3_1153,4
r1_1143,2
r3_1154,0
r5_1132,4
r3_1155,1
r3_1156,4
r2_1136,0
r2_1137,0
r1_1144,1
r0_1142,0
r3_1157,3
r4_1144,4
r3_1158,4
r4_1145,4
r2_1138,2
r1_1145,2
r0_1143,3
r5_1133,1
r5_1134,2
r3_1159,4
r4_1146,1
r5_1135,3
r3_1160,3
r1_1146,0
r4_1147,1
r3_1161,3
r3_1162,4
r1_1147,0
r2_1139,4
r0_1144,1
r0_1145,5
r4_1148,3
r0_1146,2
r2_1140,4
r1_1148,0
r4_1149,0
r2_1141,1
r3_1163,4
r1_1149,2
r1_1150,4
r3_1164,2
r5_1136,2
r4_1150,4
r3_1165,1
r1_1151,4
r4_1151,4
r0_1147,2
r0_1148,2
r0_1149,1
r4_1152,4
r0_1150,4
r0_1151,0
r2_1142,4
r4_1153,4
r2_1143,2
r0_1152,0
r0_1153,4
r2_1144,4
r2_1145,0
r2_1146,3
r5_1137,0
r2_1147,2
r3_1166,0
r1_1152,4
r2_1148,3
r4_1154,2
r5_1138,4
r0_1154,2
r4_1155,1
r0_1155,5
r1_1153,4
r4_1156,3
r1_1154,2
r5_1139,4
r1_1155,0
r5_1140,4
r1_1156,2
r0_1156,2
r5_1141,1
r3_1167,4
r0_1157,0
r2_1149,3
r2_1150,3
r4_1157,2
r2_1151,5
r3_1168,2
r2_1152,1
r4_1158,0
r5_1142,4
r0_1158,0
r5_1143,0
r2_1153,5
r2_1154,2
r4_1159,3
r2_1155,3
r1_1157,2
r1_1158,2
r2_1156,1
r1_1159,4
r4_1160,4
r5_1144,2
r0_1159,0
r4_1161,0
r3_1169,4
r4_1162,4
r5_1145,5
r3_1170,4
r3_1171,4
r2_1157,4
r4_1163,5
r2_1158,3
r4_1164,0
r1_1160,0
r1_1161,1
r5_1146,4
r3_1172,1
r5_1147,4
r4_1165,4
r5_1148,1
r0_1160,1
r1_1162,1
r3_1173,2
r2_1159,1
r1_1163,2
r4_1166,1
r2_1160,2
r2_1161,4
r2_1162,1
r1_1164,1
r0_1161,0
r0_1162,3
r0_1163,4
r5_1149,4
r5_1150,0
r2_1163,2
r4_1167,0
r5_1151,4
r5_1152,2
r1_1165,1
r2_1164,4
r2_1165,4
r5_1153,3
r2_1166,3
r5_1154,1
r1_1166,3
r2_1167,2
r2_1168,5
r0_1164,2
r5_1155,4
r3_1174,4
r1_1167,5
r3_1175,1
r2_1169,5
r1_1168,2
r2_1170,3
r4_1168,3
r5_1156,3
r5_1157,0
r5_1158,4
r5_1159,2
r3_1176,3
r2_1171,5
r5_1160,1
r5_1161,3
r0_1165,1
r1_1169,2
r4_1169,1
r5_1162,0
r2_1172,3
r4_1170,2
r1_1170,1
r1_1171,4
r4_1171,4
r2_1173,2
r5_1163,2
r1_1172,4
r0_1166,4
r4_1172,4
r4_1173,4
r1_1173,0
r0_1167,3
r4_1174,1
r4_1175,1
r0_1168,1
r5_1164,0
r1_1174,2
r0_1169,1
r5_1165,4
r5_1166,0
r3_1177,2
r5_1167,4
r0_1170,2
r5_1168,4
r4_1176,4
r1_1175,2
r5_1169,1
r1_1176,5
r5_1170,1
r3_1178,5
r1_1177,1
r5_1171,0
r1_1178,1
r1_1179,1
r0_1171,1
r5_1172,4
r2_1174,0
r3_1179,0
r5_1173,4
r5_1174,3
r0_1172,4
r2_1175,4
r2_1176,3
r5_1175,4
r0_1173,2
r3_1180,4
r0_1174,4
r5_1176,1
r3_1181,2
r3_1182,3
r1_1180,2
r3_1183,4
r4_1177,3
r2_1177,4
r0_1175,2
r4_1178,0
r4_1179,2
r1_1181,3
r5_1177,5
r2_1178,3
r1_1182,3
r2_1179,4
r2_1180,0
r4_1180,3
r4_1181,1
r2_1181,1
r2_1182,1
r3_1184,4
r3_1185,3
r5_1178,4
r1_1183,2
r3_1186,5
r1_1184,4
r2_1183,3
r1_1185,5
r5_1179,3
r5_1180,1
r3_1187,3
r0_1176,4
r4_1182,1
r0_1177,3
r1_1186,2
r5_1181,3
r5_1182,0
r3_1188,0
r4_1183,1
r3_1189,5
r2_1184,1
r1_1187,4
r3_1190,3
r0_1178,0
r4_1184,2
r0_1179,2
r0_1180,2
r0_1181,2
r2_1185,2
r5_1183,2
r3_1191,1
r1_1188,4
r5_1184,5
r4_1185,0
r3_1192,2
r5_1185,2
r5_1186,4
r3_1193,5
r5_1187,0
r0_1182,4
r1_1189,3
r2_1186,3
r5_1188,2
r0_1183,1
r3_1194,4
r0_1184,2
r0_1185,4
r4_1186,1
r3_1195,2
r2_1187,0
r2_1188,2
r5_1189,2
r1_1190,4
r0_1186,4
r2_1189,4
r2_1190,4
r0_1187,1
r4_1187,3
r5_1190,2
r5_1191,3
r3_1196,1
r5_1192,4
r2_1191,0
r2_1192,4
r0_1188,2
r1_1191,1
r5_1193,4
r2_1193,0
r4_1188,1
r5_1194,0
r1_1192,5
r2_1194,5
r2_1195,4
r5_1195,4
r2_1196,0
r4_1189,4
r1_1193,5
r2_1197,1
r0_1189,0
r1_1194,3
r4_1190,3
r4_1191,2
r3_1197,3
r4_1192,3
r0_1190,1
r5_1196,4
r2_1198,0
r3_1198,5
r5_1197,0
r1_1195,1
r4_1193,1
r5_1198,4
r0_1191,4
r0_1192,4
r4_1194,0
r1_1196,0
r1_1197,1
r0_1193,5
r0_1194,0
r2_1199,2
r4_1195,3
r1_1198,4
r1_1199,1
r0_1195,3
r0_1196,0
r4_1196,1
r0_1197,2
r4_1197,3
r4_1198,3
r3_1199,4
r5_1199,3
r0_1198,0
r0_1199,1
r4_1199,1
